case_id,bond_01,bond_02,bond_03,bond_04,bond_05,bond_06,bond_07,bond_08,bond_09,bond_10
1,-0.38920511662068741,1.1578214056434404,0.094403827219486369,0.3471900422762878,1.1101905063240121,0.65847744592387725,1.046766712058538,-0.47334846469761466,-0.65241812861506487,-0.11150449232558922
2,-0.74367182433458912,1.2128351496708134,-0.52110702001432574,0.86518459122328462,0.49348087879544844,0.54080648058811864,0.11461121308537098,0.80470891056428695,0.65395695757348071,0.21914284996220848
3,1.0929463383840072,-1.0385714472611898,0.38965042281995266,-0.49165918947754006,-0.70360163548088206,-0.18083038248306549,-0.79099468929935801,0.12244057583843738,-0.21931382756819129,-0.4709478327011119
4,-0.43419587303998325,1.9155000488466194,-0.93907079982468589,-0.40533838956275969,-0.050325829062626753,1.3117308719543341,-0.88123559740150093,-1.6061502491852067,-0.91029712582581335,-1.065261754475231
5,-1.8599870991859384,0.75061756533959567,0.2224587977722583,-0.78341896954027768,-1.5263177255222005,-0.78531153760744965,-0.83463464785024322,-0.079703706518239423,-0.83237701558073252,0.28584575706483317
6,-0.9889992589314337,0.84004432749347491,-0.01239903997525002,-0.22507498676623305,-0.52726399505252042,1.5757521991126633,2.1505610877836818,-1.1115641920271384,-0.28865514242728119,-1.1891091475132638
7,0.18241419826101118,2.525625398619344,2.4366611897718444,0.065815591359549994,0.04363933052121434,-0.9794986621405819,-1.1656839945664119,0.27741592926523218,0.57217075421177999,0.63146097527254874
8,0.0012540823747500451,0.5461611326999215,-1.224545535556621,-0.87999383921910534,-0.60681619602930603,1.4799410765001901,-0.3668776614809689,-0.40923304144293277,0.83344715708402983,-0.51006942588898385
9,-0.17451780654955226,-0.92522919736777265,1.0322113181658679,-0.24317830740152974,0.64296192297960009,-0.084316859140429315,-0.4738306980284806,-0.1611430881406288,-1.2560319990627598,1.5574842524258694
10,1.2427490978404201,-1.2554048114765732,1.0855786429102021,-0.91289999540563527,0.026784290671262395,1.6927249478028519,1.8710602363113931,0.20541020958673378,1.0689602183552975,0.63146847588157395
11,-0.36636516519488355,0.63780896646607188,0.82686619550764529,-0.27723604530744739,1.0565534573267821,2.2067925119285379,-0.63085566719948627,0.30583377236951215,-0.90104999398457886,0.1716398007434457
12,0.99133785911951566,0.52432612743248552,-0.57589875494369802,-0.20999667612206419,1.5505879592947391,1.2715390587350601,0.030732581153643041,-1.0144090209715457,-0.49343134296724045,-2.0888189524802194
13,-0.32968796353682323,0.9477765831849766,0.18131504583290925,1.3266592997916589,0.086484120960225036,-0.012601782303610108,2.7417321542637128,-0.96633846729854878,-0.23564184658638085,-1.2411650546270605
14,0.65019356870693901,-0.77313302067476586,-0.88237327761873507,-1.7008274470381821,0.78555047569162495,0.64185828566202108,-0.45706279437019565,0.82391347879950427,0.52928793201990176,0.68030079939670363
15,1.0594471999747803,0.31425430222058659,0.5076241518120288,0.34692375759949767,0.8501737380455815,0.62356686320264609,-1.1731554387626859,-0.88265053444273545,-0.87882222172973645,0.24589379198351174
16,0.093579282247111081,0.043579335151988578,-0.53769581413166456,-0.94372078361315526,-0.42121564847455395,-0.71354629590717267,1.0166489975174109,0.86303860485646133,-1.0840397237530159,1.024378286050766
17,-0.57871988461993684,0.81073782947772666,-0.9410973137684413,0.26236013138167241,-0.65854958943916464,-0.07346471674672804,-0.58711981644621081,-0.58746062516969078,0.51316343269596831,0.67757807796710268
18,-1.086217614009608,0.20588156665145638,-0.44900932626451612,0.17835282159961974,-0.33111886206997759,1.3793391114279394,-1.152168255805422,1.1132440818871132,1.5416746997316664,0.46097312272593716
19,-0.66827074563382061,-0.11271234842163197,-0.61378946178601357,1.8244777922864548,-0.065653532383149596,-1.05121522761724,0.72503603301068242,-0.31694162877452764,1.1615180714287092,-0.014954465073176725
20,0.34588923494852791,-1.009847595381143,-2.0979122615756007,0.23643147639661544,0.40421877644792148,0.10696884910475819,0.64647505971453767,-1.0293463421501143,0.69007700837585373,-0.11423777828683156
21,0.31972858622506101,0.12756110249569397,0.37310710504491257,-0.70315800060646172,-0.40777263502615529,1.2663873946423772,1.4810012525951175,-0.24594267727050956,-1.203718590255876,0.47027093852096563
22,0.27567993408102159,-0.18699214359225846,-0.068729208415461721,0.035429860841850819,0.65505713947991517,1.1559192173672503,-0.72979888106348956,-0.78509861604584052,0.44638975893759436,-0.0066381668986645864
23,0.15341678365426542,1.2832422220436133,-0.61897180881219527,-0.95683820259480667,1.0276072348268732,-1.2069124561521114,1.3570483320337268,1.5073239961983578,-0.66350454344600029,-2.6217418930482519
24,0.5908278218849915,0.83517746506197088,0.67152876558979047,0.17945485878012993,1.2792815044621895,0.8483054703403351,0.44188088330284592,0.79792564513413311,-0.6133253236631383,1.6829318707660388
25,1.7314733702897454,2.2727215479739655,0.17870901419961602,-1.485544828844038,1.0575844923839024,0.79774021298588282,0.0028034230323907791,1.5770271454156302,-0.90909487018317015,1.7080946038825973
26,-1.4693367813627067,0.055196721700313499,-0.85884426598790276,-0.41015479833289548,0.30600655034993018,-1.549400928796564,-0.5417465872045828,-0.020143239756378283,-0.43057427581460567,0.25758916924329212
27,0.58760730227680125,1.2260794173182408,-0.05513388768085218,-0.56784651600208691,-0.6945179530968415,1.184968680513657,0.55917521032302664,-1.5817057864156785,-0.060569039189471305,1.495460014372225
28,0.85861922580951822,0.081039833341724238,0.18898654583027583,0.060491204662513225,-1.930624017836539,-1.0267203296836167,2.1764099014869212,0.97083698817909825,-0.25321912995004026,-0.77722029045093532
29,-0.21869836953970356,-0.12431669428081794,1.3686565872206875,-0.067455258752474809,-0.27297350958425121,0.27621776634428552,1.5559737164622658,-0.98424468983959934,-1.4184010041234736,-0.34024195364244103
30,0.4522863183166515,0.12779065885679303,0.90364624074758326,0.48066188070496979,0.33228798012907845,-0.8906759988434152,0.32358694137181893,-0.32959398184914285,-1.4022464103013541,0.27468925896925495
31,2.2967705318456946,-0.31663448758803081,-1.486652608577663,-0.57250970505848631,-1.4756892797039727,1.1571614422219647,0.9307873752127509,0.38781935922974831,-1.7479510828944589,0.50192828029485725
32,0.7937543494383873,-0.19261033237310327,-2.1346843541608429,1.1309375883635371,0.99921524174490406,-0.35799590599154923,0.097775448295246786,-1.1016354821522594,1.0596400959811401,1.4009523247627087
33,0.044406833585106928,-1.3138022170339232,-0.44476792540272003,0.70283322061903453,1.5907431344325789,-1.2726815392498521,1.1144825971256394,0.81210923599872764,-0.85036619403564451,0.77759501009005294
34,0.004424178383052672,0.97775646311304765,0.010454150050768652,0.34667100403305112,1.352369791704604,0.99536679545557138,0.76621019348558661,1.2456963553451637,0.4858335811759022,1.3900891260057482
35,-0.73011499142627656,0.9208507640729845,-0.56194847627159206,1.7783160235332216,1.781060234286955,-0.091757380088441878,0.87641815136098811,0.96834706156517891,1.5101431204840285,-0.75143713651997934
36,-0.0046462232151916411,-1.1814793350422059,-0.12503527473148232,-0.055035187368644475,0.40815875001727914,-0.9025306533857147,0.22614144265062869,0.95048973728524744,0.27321442311827487,-1.2368234752789591
37,-0.64704400583340871,-0.81106703314081574,0.8756106288359915,0.54608797337995829,-0.42232699202753382,-0.011168187375814955,0.93280400840694155,0.20993063055614317,0.77670139675255878,0.085310348367335989
38,0.23711715652655541,0.40842051501647897,-0.59305892491804679,-0.48011739127136899,1.2406548473174601,1.1255145180268629,1.8956629090722739,-1.5482337274230109,-2.1805772153842375,1.7162112493595982
39,-1.0433267806692221,0.084815285728243039,-0.86145138580057956,-0.63551404108692389,0.71318165352493224,0.69052957778163504,-0.39701513571034269,-0.18364821406989601,0.51696227273307116,-1.0585895549921378
40,-0.053804561786552324,0.95447280744113172,-0.69822044643119863,1.2958104499132703,-1.5690389143112882,-0.5291823562167961,0.11799400541304986,-1.1101717058635401,0.58861970204783465,-1.1379620074347763
41,1.7781501338408763,-0.088690198658000582,0.17029377957255529,0.32052759369202116,1.0746740709819049,-0.93140629314678358,0.76692918597726445,-0.87508686937759239,-1.0608665316271526,1.5009284405618082
42,-0.85227486010977116,-0.54322525018401091,-0.20120673321712443,-0.18691343837841157,0.05557142784276374,1.3095484948358993,0.055216801668087914,-0.66947774230769097,-0.21469038282862149,-0.34931499754490847
43,-1.1180647420453764,-0.74344041822216234,0.46866072571782197,0.10818659923141016,0.9544958472451136,0.16168109992680429,2.07140811097022,1.0439207774895174,-0.96779076921606577,-2.1531792918060519
44,-0.19442451455022838,0.097915150171888871,-1.2828137078376907,-0.98270552744533102,0.4217666664751139,-1.9426990288072219,1.4587099902630998,-0.55643537228235507,0.30257995110405728,0.3172618676511183
45,0.19523751787993421,0.32774496239128359,-0.97414107267499084,0.056659178912585081,-0.15910825404848669,1.6832907166351261,1.757569967970019,-0.48086516250517208,-0.81287844714595925,1.5495467370949425
46,-0.78145031679295041,-0.0081000166213602877,0.23482682658239082,0.40854435954330115,-0.24938016089111137,0.43020725773809598,-1.0025529375053495,-1.2883705748205276,-0.67753930751256453,1.1130601058084078
47,0.47002613547861866,1.8278989138681192,-0.49505765248916539,0.46081452274458495,-0.5440523651431094,0.89723225866716572,-2.4807968342386562,-2.3903591199352472,-0.70541794002919422,-1.9304669313205756
48,1.5444409096441947,0.071140982767121302,0.71727187072223364,0.95951432445636842,0.80274191210437429,0.044897316823825181,0.34515540001368605,0.26251471390811187,2.2142209565624285,-1.0331626338400826
49,-0.14912370241356529,-1.4553596067605248,0.53987157180006384,0.52937179719747707,-0.96044121584304631,-0.83148780355226914,0.42987233734509078,-0.16719247769574416,0.87746466638371934,-1.0020889601283323
50,0.49138477505556827,0.014834613786407096,-1.079530386634671,0.89254054372420344,-0.71294745305060037,-0.8302904950606943,0.5519801960003683,-0.072818619503348211,1.2079354520136665,-1.8398699135308652
51,0.93531574998910838,-0.90534764650185828,0.29068856431863693,0.10920800912438805,0.77756681630024438,-0.57105131876569615,-0.57903047693459275,0.14737370924439977,0.58732708796194344,-1.4515213068551003
52,0.87438820758194657,1.6890992637840423,-0.55140519290551127,0.26498196824929765,-0.27240433739074082,0.91180421352393204,-0.39673536351709937,1.9465907750302704,-1.0589799034018605,1.1967395435305614
53,1.4452441953294544,-0.68749729439294138,-1.8360015036636705,0.3326240226677048,0.73467695645867948,0.77133494527325885,0.023867798196294004,1.1337674441190682,-2.1175908374509422,0.25633444000865735
54,-0.97888608517368314,1.2945606945136632,1.6284417910162274,0.1221196704937544,-2.512391122993773,0.55247852138886566,0.094924151527743306,0.81563303358444283,-0.3952836914002037,1.2978586557434799
55,-0.34294655453256701,0.24348997506788334,-0.66948837302733244,2.3146074284943214,0.53445648781215116,-0.93749449574899968,-0.67008537715956484,-1.1026293036748585,-1.9981877152523693,-1.4927271158629629
56,-0.96546268866922558,-0.75340864726792078,-1.9647684302012893,-0.81112105887421637,0.82504819880693414,0.35461812550386923,0.42740677533419574,0.5129199233256535,-1.7109401837286813,-1.4148288210926372
57,0.25286367618924016,-0.29570221829056431,-1.9802274267653681,-0.013943047474860833,2.2182475052100048,-0.9458531387966157,-2.3522222088713827,0.38594536064043666,-1.4727790408377754,0.29597258859090098
58,-0.29618116382416038,2.0628825162499713,-1.8686996761921224,0.27200804091017133,0.011658415337646975,0.29987433251153983,0.55476305164858086,0.15870045625388451,-2.1938755003969974,-0.1371507028956489
59,0.53559724407329856,-1.5228305405598885,-2.9530754466158853,-0.82146656988785061,-0.10922891829886031,-1.2333560351985682,2.0113826553494851,1.0241989411763346,-0.29522340679759823,0.3498501786258344
60,-0.10156005821316211,1.0548440248350894,1.9903005800346558,-1.747774700274739,-0.83510891660854258,-0.24541213534161244,-1.3315811362024081,0.61680797624195494,0.23898586089668966,1.1936720086552346
61,-0.18333587567277207,2.4136567691820963,1.1930780963277057,1.4228309720085559,0.93829897781776905,-0.83939410453388474,-0.38384214523793869,-0.45554929151105283,0.15993172392655697,0.70143867982626973
62,-0.33350350995294387,0.098172244972498587,0.43383808003652979,-0.15804682822693017,1.1430669023751083,1.2020436721029739,-0.1803068793313079,-0.053414068209095902,-0.12880929038867253,1.3331901454909516
63,0.93489510703994927,-0.12867058966315231,0.30047470107510765,0.49433891413923042,-0.96616726978285128,0.1534270130530731,-0.54561402097473521,1.0235640421603165,-0.25609986334137841,-0.48466032503567696
64,1.1696603025080416,-1.3683969098114519,0.93571949663833409,-0.51501801698460314,0.99159334640333174,-2.6554339415235049,1.3435892001931622,-1.3933642123199714,0.1591099650901853,0.93014016933790078
65,1.2540059861906969,-1.8436737169967006,-1.1175273309048293,-0.54154744999636772,-0.57561694959818599,-1.4876468411767083,-1.2119857945685346,-0.65927778271116322,-0.45325828695117776,-1.1415643710514978
66,0.40886004259335451,-0.14805594671374828,0.68784186636909284,0.24789794420169411,1.6861914875196753,0.40334615702735854,1.4377839633394256,-0.91597967744317643,-0.74830323731876658,-0.44228435485909778
67,1.2515215593605291,-0.34211041028384209,0.43453602138216385,-2.0256571474402363,-1.2076837524787232,0.6857948857726387,-0.39191757968129198,0.59051792629830102,1.7134788260861371,-1.4243382366043735
68,-0.48552663340448587,-0.71838536039220369,-0.16587387268904832,-0.22143593987575466,0.1836202944090416,-0.25285670141052652,-1.4047706608947705,1.4546150706681273,0.94044826380231483,0.33873975629344671
69,1.7251029433276144,-0.92867201047668912,-0.37626772254508944,0.93382667528125274,-1.9731738771745984,-0.79656831486662205,-2.1974403130639915,0.17288387134211786,0.31968808293239104,-0.473507359863717
70,0.20663513931318905,-1.1185026556809361,-1.1453013652975381,0.92978187659445377,-0.34738039357373113,1.4926555928583998,-0.48107044091390971,-0.36789874415809659,-0.16700189354490907,-0.58996421733503612
71,-1.139447968176647,-0.17984708757918022,2.7966192111912389,0.95653754638358968,0.30299490957422731,-0.0025385654172548236,0.33801553825133096,-0.82220397863819661,1.9149375987090231,-0.4313692574520307
72,1.3343317432956669,-0.069125880009718532,-0.88245587800218861,-1.4209267057356174,0.92399531986424288,-0.92625160816360419,0.76486423479555743,0.010956846600200625,-0.27320937232787956,0.63101219181401336
73,-0.45069431855138625,0.76161514386122298,0.65364551491074352,-0.84930741307824886,0.29938950564785344,1.5006926734384329,-2.2556769660471709,-0.4016815627194481,0.20674238675224876,0.27137698335396426
74,-0.71661652303640599,-1.150020424454558,-1.4286507725798629,1.2530748546771557,-1.2503589226376073,-2.7529834867687812,-0.15620045986432626,-0.27049500996482351,-0.259521304010565,-1.371953219858747
75,1.3757350152704362,0.049114979095525882,1.0864279018379819,1.5891786116078499,0.78068914287467761,-1.2156636048862188,0.37790098897377716,0.27685942338640152,0.23259785598424859,-0.90518403301938299
76,0.20765597237782957,-0.66637295020611775,-0.82728468446261649,-0.52827550316894523,-0.38302784607324541,1.1578928951793841,0.078477860000862681,1.973753241741848,-1.7826593860901807,0.1149767991629143
77,-0.29916524002419226,0.30284500266470088,-0.15288835865167211,0.55930228023769635,-1.0182484400274512,0.86291462303626376,-0.6334910533386755,0.8734107491228541,-1.4188911965546809,1.6280245940079181
78,1.241138793058971,-1.7661965419236325,-0.67442531157731211,-1.7157618087485766,0.67507445320561354,-0.46690747600890842,0.061278284561402434,0.62681902863585348,0.89222375742534998,0.88791334272325062
79,-1.3433385367195316,-1.1380357381316371,0.38675506334933446,-0.10805407295328394,0.9014320058956673,1.2350063730224645,0.62205941864462533,-0.24313391629927211,0.17301486058754967,-0.68605258611601971
80,-0.11304904586595443,0.66006063427218409,-0.46004960386178806,1.3647737663403368,-0.61829577388911094,1.4606482021210259,0.14384002966504364,-1.1500108573515135,0.18140349118227922,0.51808479163637955
81,-0.41223887124262448,1.3111854452168021,-0.4492569900407582,0.39466334069206899,0.49851354280581789,0.26935215257336209,-1.6358310248112422,-0.87220472452965558,0.39096492107135367,-0.22193635389137667
82,1.5239919773861963,0.64629444190529417,0.40468921957153614,0.19273977512060278,1.0657018991451312,-0.26485194390060801,0.24615990138194635,0.026828744958738725,0.23233044940286293,-0.08841589420051453
83,-1.978137819074901,-0.52722168826901927,-0.82335954772827313,0.82288301934865837,0.94632167862958383,-1.2538104266159604,0.61516093424643037,1.9447756994089245,-1.0606670561161036,-0.35009117712286703
84,-0.83412243210683301,0.37845736257058027,0.79981117848994587,-0.93084063791929561,1.5591028684025283,0.59201595252366035,0.51344518131515404,1.8466958988451079,0.71449142537985866,2.6602567796187544
85,0.61821022544474824,-0.90738432178276318,0.16213980772153028,0.96849832118647738,-0.074029067288874401,-0.58495627005564765,-0.20483625025284466,0.86733045410086296,2.7532834180206489,1.2291052390465904
86,1.621114119504627,-1.0768094830224235,0.54002169158696145,-0.46777727661285345,-1.1382492997872509,-1.3067581228011238,1.3201458343557697,1.1922387249889757,0.50847220098562085,-0.95901333863571647
87,-0.48569102621742666,-1.2871719962203152,0.28439127194879432,0.84291669262580859,-0.86046863116204442,-1.9636241948266753,1.4206709225811658,0.7764055884677461,-0.023628029578309465,-0.44824847050309058
88,-0.034763917598331993,0.035288894888431954,-1.6169870046145174,1.0771374247951357,-0.64756888360969678,-0.31341353738636651,-0.99291439790718328,0.37229655143933976,-0.82411556253488893,-2.4870560044048444
89,0.93523597783818502,-0.16574692769999569,-0.18635978821740512,-1.1330533098008724,-0.46256302875609295,0.19746188781766519,1.5876401688949471,0.78253177776361382,0.048093484450599661,-0.52554579695681958
90,1.2637488282995624,1.2829299961305591,0.0085569835590965301,-0.2085826214533954,0.6931296809351879,0.10528036620721221,1.2618931284298638,0.23715066480997021,0.8662762656930959,-0.62163814386932514
91,1.2430808526758315,-0.10697513103774656,-0.26149474060177608,0.849801216252287,-1.0631493774410705,0.53734129771948091,-0.64578391076898178,-1.1991483864303136,-1.9395993684413959,1.4203147175653374
92,-0.23925864783101303,0.99848350130130992,-0.063606711706968092,1.218310245863254,0.96645847813841557,0.43283456520508123,-2.1543797192368723,2.0221002408918638,-2.275152019311669,-0.78607269838903471
93,0.34148984544919542,-1.5278126985296432,0.040708299141713804,0.37166356441654452,-1.160128383821067,-1.2745391595761,0.65281755440079281,0.48815758899112088,-1.5855979859328124,1.7494017999297111
94,2.2613643351205996,-2.3709241507218741,-2.9974578594505101,-0.094613602435087915,1.056887137532037,0.91573204067433711,-0.79194599167687818,-0.81815932699821725,-1.4960711529316622,0.54945443606542088
95,-1.2062332739744481,-0.92413540736958,2.1425003309852828,0.78326284618562714,-0.81845749081312313,1.1968952270795117,-0.4805492895100657,0.83048515852472815,-0.56988182914915009,0.26014655115077445
96,-0.30490146987475947,-0.18861469213248974,0.12420750064453305,-0.34831216945499566,-0.55566664373063979,-2.6390679454345189,-0.52331266136636401,0.22810459957501111,-0.89727011202892792,-0.72128038198213928
97,-0.47457867535577769,0.74577116756593664,1.1575345481087911,-0.55399055305972256,1.7344959745754027,-0.86358740723289951,1.1470534800950865,-0.48618383003506555,0.84093495346980529,0.48930277404771072
98,0.091948202096956783,1.3913801625569746,0.2269014563619364,0.32029021773121291,0.97510201910829886,0.11391245848008369,-2.8126938734404519,-1.7028191189414774,1.1673643948826977,1.1700961303041755
99,1.7066571845450471,-1.7869591381515229,0.41372223796516694,-0.25527800324993549,0.2311661737571373,0.36404958184919778,-0.11486438371508105,-0.53288290430553809,-0.83337419085549636,-0.38337772124515224
100,0.042955059707926763,0.030423707493038209,0.28133186637094204,0.61305096129098458,-1.0204382259962086,-0.88845888767932713,0.53942745498933431,-0.61046198323012768,-1.9089511909580501,-0.19953566346901666
101,0.51068316321447493,-0.98919867413657003,-0.22618585068820557,-1.3314949668838172,2.2915920984545388,0.56125216877910256,0.68320286393937457,0.23933967808846013,-0.88161296345944273,-0.29641139954159418
102,1.9563690821372834,1.7957544333640174,0.41020087684269296,0.4888095360994299,0.23258697452390317,-0.42417823447222863,-0.23926118175614322,-2.0097770998666866,0.84382431967289018,1.3274750271584359
103,-2.0800931710950752,2.2981589356173857,-0.14474723464659053,0.46702279536630714,-0.32542501081284442,0.94678400119774819,-1.2136159334023553,-1.4279962818698317,-0.61985772830930086,-1.5375859498953459
104,0.71326618725121604,-1.4149733445252581,1.588613764379593,2.2223098252119491,0.58999446086362262,0.79607317743102002,0.31076226129530854,0.85683629240120862,-0.44956002827020286,-0.58960258095922724
105,0.88357827170131953,1.0959305915044586,1.6585894451190717,-0.075102624739552371,-0.57713192856821249,-0.63889083367255262,1.8830474323910751,1.0772897837941451,1.7071612680035302,-0.81026742286235576
106,-1.0619134847059282,-0.013948011644300453,0.70446495643678142,0.81187168645226615,0.6703685844750642,0.28696034793950942,-0.74818929865469064,1.207817230235489,2.175997533976902,0.87610286923201619
107,-0.078483730925461084,-0.0028434352482216434,-0.32867826407546974,-0.35577667589697759,1.0768776071223085,0.50174514125284786,-0.58715041606105567,1.3851755224985924,-1.2776548438918445,0.56000289224489164
108,-1.1561794545499011,0.94362291954607336,0.26014733600136697,-0.93033661445149352,-1.4759126280565864,-0.71583089319427684,-1.4228469294666217,0.81406514115883488,1.1222912746394813,1.6076686228651205
109,-0.45246512535801237,0.98959437439775566,0.6176287526312676,0.76976882420296766,-0.14791145130620517,-0.2574415208001879,-0.30885715349585563,-0.056007117603652054,0.86673329293987378,-0.20942888633197151
110,-0.49012210824539415,0.51787979770311665,1.3797998184315223,-1.9133699437446505,-1.6179142814521674,1.7805468599088528,0.34299799992718888,0.35035001592403742,1.1052913685759469,0.44164880008907714
111,-0.77809306580159532,0.47173220866840404,-0.16968062428156661,-1.273810435528191,1.1871964063972449,0.16804849418666448,-0.091690694389210597,-1.3412950175255021,0.46512706327195213,-0.68482501052182909
112,0.7945332237230317,0.30003172435618031,-0.3283764066030106,-1.5199185610082016,0.21050789041914061,1.2710971746892026,-0.027767729264945685,-1.113852854798725,1.316270257533249,-0.23538662187340495
113,-1.1502098124993756,-0.099721267311020129,0.24376311009045351,-0.57507861674640759,0.17675005322471649,0.96406519698435389,0.0119075006154757,-0.45581543356815946,-0.054261043021578061,-0.44821404135706688
114,-1.2835082310937731,-1.8545385699400492,1.4210159395618542,-1.3178850954510544,0.1151703556548886,0.39512124151396827,1.4909359857400712,-1.446011709069148,-0.01036136262931305,-1.8747731839706607
115,-1.0686825631307333,1.4300383396587435,0.77785920590431079,1.2034326661454067,0.72863719393885729,0.2120342940515354,-0.25682485194602911,1.2369344066452841,-0.76008038243319287,-1.1704239445203282
116,-0.35795802944163391,0.41020700841389396,1.9378177661098173,-2.0082796918458441,-0.13992536496535046,2.1319165236927455,-1.1561422692986942,-0.32193540419165906,-0.60115111850898983,-0.97999115570183382
117,-0.71498849890203942,0.89830514612664691,-0.23076654387734602,0.84086868163700546,-0.13407322780514264,1.3259735768700538,0.55869514244441987,0.85874175044357459,0.40818894240481296,-1.5888377479229931
118,-1.3294015583797258,-0.96982409546101378,-1.3894870232207257,1.8152435347381017,0.2785162160843801,-0.31377266667917914,0.13002036510793827,-0.73091470522641533,0.29594434048902779,-0.55482278178519961
119,-1.0417952132253627,-1.6277668398178957,1.1831281208571518,0.064554923773148656,-0.52019105102407803,-1.1465300940953493,1.5538552035640583,-0.89386101407211749,1.5985320526567675,0.13146670481812048
120,1.0701697760274709,-0.53576498870427303,0.84332973711689196,0.60716913560721397,0.5610667472350086,-0.42972629433255194,1.0769809174250136,-1.8816421860226051,-1.4690695029273428,-1.6619810932339472
121,-0.13287510564724833,1.4480921306785028,-1.5776071507963854,-0.56329696161947251,0.11324415710149231,0.5221726526402799,0.98752555915805562,1.8498634600336892,-1.6629060872546439,-0.023814125559568161
122,-0.01943056534024102,0.20007193453805291,2.1945827137339595,-0.93680161055718314,0.94154123600161554,0.2376363064719948,-0.43844227475549119,-0.92069307636937336,0.18899268241619405,-0.59502018802545209
123,1.6375879765530887,0.59381050898711829,1.1399384919637037,-0.69556727780753624,0.30590627435522039,-0.29523117937027088,-0.52217669241007691,0.68011985977807687,0.32491947363787615,1.0308079626412292
124,-1.2664579598185499,-1.1263416866582436,-0.96037048077873177,0.38762482260566111,-0.030462692821910907,1.1277520079137975,1.0205150185525429,-1.4140469455537614,-0.17700308241057872,-0.7583122901817746
125,-0.42185437064728137,0.57026218646139559,0.61827351843572953,1.0715584799567031,-0.14426356283364034,-0.21452304034841121,0.45240894652799329,0.21649094232886965,-1.0304393877346913,-0.013327285541640144
126,0.32382497596941623,1.9785463349586951,-1.6830677192172241,-1.2187045205883924,-1.0639058406105375,-1.5090970430945263,-1.2443726930674561,-0.73089096543558496,0.089731628555291876,-0.62595895009547364
127,-0.30583027978301236,-0.095299893719448192,0.27615731888914707,-0.38986320571971306,0.13132879209197498,-1.9591652147412708,-2.1548823266909181,0.31667216903110934,-0.60236290224284483,0.12619202020395942
128,-1.1432001543744919,-0.36130527744919627,-0.72389365886681045,0.29422334379260495,0.88676932616294191,0.92793237686549113,-0.8890886132196798,-0.19107748781811792,0.37484927006501567,-0.14703763527200034
129,-0.31869598620163958,-0.18686469960527771,-0.63696087662613421,0.29232234816026703,0.76367489466170513,1.8420197966398071,1.0409351027007243,-1.6398051099057886,0.71452436129681629,0.18742463793052375
130,0.83406608884438049,-2.3681341580685671,0.61228189473950878,0.0057589907017387889,-0.22563792310452704,-0.90899205311124665,-0.40321165301348416,0.43612109800010856,0.61181622589079376,-1.6509059179238936
131,-0.27946262615230727,0.086144712750896801,0.6524972591487288,0.39300459029560703,-0.8671191891491542,0.84060860771866741,-0.12469107000750272,-1.1924578836254827,1.2598153489828301,0.41522037351253643
132,-0.094986037701510137,-0.90577077153966745,1.1899867973891649,-0.60012437089921011,-2.3426340583321634,-0.98329666765754886,1.0188807318738069,-0.62068781100281301,-0.041774559811302209,-0.983513764253239
133,-1.5224269983607519,0.71415467624466256,-0.12183039695667897,1.3015625641919686,1.2662454947710104,-2.2560209979080579,1.1149204797572743,-0.3624102533488513,0.95670721180531282,-0.34666405585201326
134,0.11223449172601326,-0.54289009352415518,0.89766068456263726,0.8007502893219085,0.68909482629166408,0.91777008238897984,-0.028056578036296523,2.2607171527448457,0.42299116780774954,-0.65702687686155969
135,1.888332812818813,0.277766350121746,0.34249528452039546,0.36082520675954888,1.5574695482049836,-0.055264253195742699,-0.46358886149176753,-0.075391091201956237,0.59979104423881846,-0.75564992046851343
136,0.34025762513122587,1.4149992984553263,1.0695401303088095,-0.026574183316757153,-0.48860919159216221,1.1279260310341757,-1.3559447436183483,-0.21242126539865069,-0.20184537221755638,1.1860178162354587
137,-0.10645830853769778,-1.3438642423519869,-0.16596653986358656,0.5780716334299848,0.21842017812929904,-0.25229878880960527,-1.0217572962085071,-0.19583891377201773,-0.097729721618014645,0.23426213579227359
138,1.2774399653348909,-0.074201335456509324,0.095609982082256642,0.58122798386060681,-0.053655236568140689,1.1868638277335217,-0.53783173981128596,-0.29569682788801416,-0.92531805634402964,0.64597014999179525
139,-0.99719544657300219,1.5827682498144215,0.47713986417724363,0.65035905100961144,-0.6995260044523619,0.30597634298743692,0.9109921047750269,-1.0189279686446433,0.27648672127366514,0.35493171853085537
140,-2.4452083334496368,-1.7259023428404208,-0.50577566532280416,-0.66790090358322185,-0.055303537088586416,-1.1702358180207511,-1.8849339164886441,0.41015587121380265,1.4436752128615722,-0.76957552082809655
141,0.66653058912098195,0.84320126581286881,-0.26099404755274286,-0.98892757224510275,-2.007137478519696,-0.86001153118652063,2.2268500727250129,0.34560496509527744,1.0511496761124217,-0.27083380433375537
142,1.477198792940742,0.23481943828754248,-0.30450898592151371,-0.2654370669900829,-1.5534130937766264,0.52013928583327218,0.040869272501156052,0.036538042661109008,0.11064254351965221,0.88229433603142682
143,0.38589448204749532,0.39476951726132331,-0.015778584813258473,-0.34195384657210726,0.17188705078075595,-0.66109437990943976,0.3600061516533497,0.25148262726550635,-0.25872542736112719,-0.043834806559917255
144,-2.8007342916744968,-0.36064152908740105,-0.50666604244345337,-0.14345104818159488,-0.17011253206582647,-0.94146300411142092,0.23098446549444115,-0.51966846336304706,0.10157791746880571,0.50137556915849824
145,0.29998366362932771,0.37459944126477396,0.24959008005725219,0.55581445897639603,-0.76925308775519441,0.66887103917590895,0.75628033378427295,0.15984305764927242,0.11495328199335625,-0.20672097956815527
146,-0.83508112932367429,0.69213238986716541,-0.37674874083592419,-0.0044225932367010171,0.1367600403022706,-0.63001118314381455,0.2764087710468453,-0.52045772647997146,1.3358167841280226,0.094054690297162
147,0.16988677532239913,0.03939598208480987,-0.11604425269538522,-0.71255407208327315,-1.1610408581238718,0.69117142181306823,-0.45772547928461493,2.0071932368065033,0.20437763714764787,0.30093496165799494
148,-1.113050855338571,2.6320181272100136,-2.668613073986998,0.22983842563022483,-1.3089298620183833,2.5011441589363708,-0.80101334330129148,0.080711239124538897,-0.093320815838534202,1.2730923287892582
149,1.1474085367444891,-0.4724785236077465,0.43381873549994371,-0.40334665721887569,-0.87689222742597339,-1.2602069603200532,-0.57983297965916214,-0.93535807783396885,0.45358790678291638,0.50104266467550929
150,0.30869902116253112,0.21438744785136388,-0.97337480423476397,-1.0166904719066185,0.75690740971210124,0.82194889431856222,-2.1110600970221038,-0.62635234760814529,-0.48691314697466898,-0.010680297928561334
151,-1.5390611874223112,0.36429299860756675,-0.48422202886497712,1.1365638345626443,-0.54927025522862827,2.568010869178631,0.87342439900007263,-0.043636027373034875,0.10642105629251214,-0.2202429861911688
152,-1.0820439573730896,-0.13253318733641364,1.35171786991431,-1.4107626608860333,-1.4939255034490058,0.30138043376468032,1.6823206513941402,1.7919846661360299,0.89168188380552316,0.18628983705652552
153,-0.35169051124429324,-0.8449229223303163,1.040532157017884,-0.41612204709530298,-2.4666450423166784,-0.23898704625300146,-0.4523434820183399,-0.85965817141879841,-1.3663832236787801,-0.8752530183146342
154,-0.51852029504057906,0.77421647462413967,-0.48269196905522455,-0.47615097214459728,-0.07944556892440055,-0.47559880358489703,-0.58736481010746489,-0.051872098914281517,-0.49215890605222706,1.335717474020341
155,-0.8885774854443852,-1.2474577117778765,-0.74236545064087456,0.77782589129119706,0.61015065656074741,-1.067961690445866,0.90298725638693278,2.4907592179767026,-1.0170917050424364,1.6677983524398319
156,-0.19332714951671359,0.2292987360319865,-0.26719564363413034,0.1457239364579582,0.17221359048030344,0.033092881668722013,0.11655131185894581,-0.96450878975833398,0.29448254558369963,0.36604836802781326
157,0.80656909594086101,-0.067717472206389823,-0.062025329318872724,-0.89576025012714988,0.34532216602264793,0.94849127606433337,-0.25964133446003129,1.4269561538279678,0.093606735786195674,-0.84815096658976663
158,1.1196294539302605,0.85613274855154109,0.37368793075830309,-0.6100622736525535,-0.60497571622702373,1.8388294378726115,-0.19799828444116821,-0.24171671068926531,0.11027545402946712,1.2251795156020895
159,-0.41028961372560185,-0.2828193235517138,-1.4578326945841682,-0.9691468428780301,0.56713673202245529,0.7384679748112849,-0.53340614001535469,0.86244322390267514,-0.073874685255822498,-1.1249923293027206
160,0.37882850413816888,-0.67862745390823087,2.2259328953945658,-0.74147815970805075,-1.3298416083611597,-1.1596557574051569,-0.29761646111046186,0.049868468214435663,0.40467634960420784,-0.10544132986334243
161,-0.1308823438440207,0.023692123723101543,0.37144771030213075,0.57380433131321562,-0.38025313439719849,-1.4636711190086431,-0.70657398437565178,-0.42417297169168139,-1.0333881697851661,-0.57761458607543059
162,0.70642642562102453,1.1133739971769137,0.42319327189145267,-0.23058253995005243,0.89816728764578002,-0.78674655183041309,0.022500530164216666,-0.28122197475272009,0.32083668369767882,-0.27607283110668207
163,-0.80259562619624669,0.19421977776033417,0.19551991472898317,-1.0577197849586617,-1.1744212541621488,-1.1978827888458399,-1.0450771179551703,-0.40331291844119072,0.17353609208431967,0.39907386744105522
164,1.4253357198625154,-1.2855179656223028,0.029535267396655688,0.27590286260908026,-0.053367450861345228,-0.60726343005823669,-0.79193389876156528,-0.57851377093592382,0.30810871027655401,-1.0821993853476577
165,-0.37931132143682922,0.33982311869789583,0.24845506047244062,0.36613589005583946,0.76770753566584704,-1.4621019613236446,-0.61862222536823663,0.49906684198455492,-0.96950061031842616,0.99606577988350853
166,-1.6617228185855919,1.8112608189490749,2.3715797522106858,0.01476372502410022,1.2966542062443569,-1.693366154048467,1.2597405429517008,-0.57384033884923979,-0.76052150783008377,1.580760409432733
167,0.23202594131961876,1.4434329195202902,-0.80027147463086579,-0.62828763812777799,0.76692897560509565,0.67612512406909731,1.2764025900857254,-1.1646511058758369,0.34032454120813854,0.80377665159183054
168,1.637405668738724,-0.035440429781002071,0.43706703118780377,-0.080569621044850104,-1.2615048434229212,-0.55786109778412452,-0.98078553286510128,0.21996123331949954,0.067302353704050175,-1.7626044750288932
169,0.94025097984539296,-0.088700188560277379,2.9308215643875251,-0.76650143953048977,0.67821023953112858,0.045481453665071662,1.2490667142197036,-2.0368499431655946,-0.23759611254309404,-0.26878140901186925
170,-0.22344035445874189,1.2567505348388566,0.20889526375072673,0.08219421485466849,-0.71879927908714691,-0.90160340948624684,0.8080891380846581,-1.2770598207705377,0.06310869475364482,-0.31578664453312161
171,0.4694428653072022,-0.50076559566490231,-0.32933143367089185,-1.6496089813225963,-1.6241122037575149,-0.1428376347629336,-0.017629174325999804,-1.312426513777164,0.99327980035444952,0.71142790314720239
172,0.078107540801840153,-0.49741451142857601,1.1045058366902425,0.58611307994705941,1.1116305271614952,1.1417608161439972,0.50193023382893698,-0.92407219451589628,1.2860431007775042,-1.0236500390232064
173,-0.024457299890737309,4.2046807829224182,0.62922671076549419,0.73669083732193441,0.05296823293091709,-0.091999343845617837,0.46314870776449241,-0.085573483535635805,0.16844301750319404,1.7477615308972525
174,-0.10135007742164236,-1.0463445458187164,-1.27038320589635,-1.3694505479999666,-1.1507300801561162,1.1373987177241829,-0.15766210907674935,-1.1647386559979598,-0.49668722460991904,0.59066838735003035
175,-0.7013250484276573,-0.028482862809752343,-0.55343949472696496,1.4218168515209493,1.204097037977802,1.4114656826247203,-0.03487975091323308,-1.2180658256132595,-1.2472615480211293,-0.45103050579619469
176,0.45370111459938445,0.32335167202006809,0.83854511112916752,-0.13004068586404963,-1.2771808121556847,-0.68278806749539134,0.21467094769495493,0.44283980081000845,-1.102024300155136,-1.7654787975494963
177,-0.14969572368670439,-0.39300295956619491,0.37323373437121465,0.79758590710487387,-0.35497325415669501,0.63455382791308734,1.433297607448937,1.7212733568741185,-0.52539042233421318,0.049855999431396208
178,1.3996980678008071,-0.075198552717723827,0.29536613861644501,0.038171263161356619,2.0826821380343485,1.2773604669600174,0.11680719201734883,-0.46102218121402788,1.2437731110458137,-1.7856295023077511
179,0.48129395924484653,-1.6262512458279621,-1.355527991326215,0.20037009473959178,-0.099973566644245726,-0.44027041390284599,-1.0698674727133448,0.90177331181212428,-0.67647546823619575,-0.41954953549409363
180,1.0163407050200921,-0.14135548648102231,1.5020804486947736,0.28729671979689092,-1.2751599563232237,-0.35022188944908755,-0.50268475239313326,0.67831281016701095,1.0114086503716324,-1.9838034989994928
181,0.21773480798983186,0.30980738866315349,-0.57168073084544935,-0.3274189931070306,0.40008878499994699,-1.6658703521149283,-0.25618062269098518,-0.50961585171268897,0.60641447768858947,-0.31396944630777995
182,0.85162601606509269,-1.9528781853895465,-0.73393092002764482,-0.87451626564656015,0.25472442630373304,0.079921559675493165,-1.0284329503908305,-1.9569722078667378,0.81180917307049671,0.091572169820563848
183,-1.139371060089359,-0.65420360033614156,-1.044263799757009,-0.32465315456977101,-0.046088073067702906,-0.52731887138168643,-0.14703466635818185,0.041776681575875198,-0.18779391836005074,-0.44356476148345375
184,1.6707729618828258,-2.0950348361513624,0.24613042288627637,-0.70204475683292777,-0.22636065203521188,0.10007089462858307,-0.4370887379268063,0.1048586565749287,-0.29024382855016417,1.1259369489663127
185,-1.5706945717924008,0.9839562851270709,-0.031038925943359295,1.4594099053083245,0.15803532991321989,-0.51791816384881806,-0.55089184630662091,-1.7122072916807238,-0.53670985040945063,-0.37121359157872319
186,-0.26194758081494246,0.3441191981230784,0.80891481903706586,0.32350302517272622,-0.25435815868222311,-0.9412326878608489,-0.04084567054774902,0.22089200150850216,-0.43296040888393111,0.46393799087731913
187,1.9883237759630938,-0.47658018147976233,-0.67142340149631763,-1.6715293772960513,1.1351834720482479,0.32976180280767592,1.1419381044289851,-0.29145264381184699,-1.4014158048796916,-0.63709911150555454
188,0.092774172283734468,-2.0429736476572655,0.85815080690306944,1.0283814315376627,0.15167002817759942,0.39960032743060375,0.33462032076395687,-1.372723433305238,-0.30265131150524854,-0.52128744307221997
189,0.70671639833335409,0.90342825143472871,-0.40386590464878619,2.1021653899841941,0.13933102712716647,-1.1365243455380416,-0.85477451261512671,-0.051942383706232012,0.069517615800468391,0.097660333792788809
190,0.39197453925351677,-0.20544501777754165,-0.39682685760077535,0.64275825247471674,1.3702675038692167,-0.52731894350240915,0.78498540079038581,1.0031920279369844,0.70750460766644552,0.13511488687883944
191,-0.005436193935935218,1.4846916604575695,0.042367212379041737,-1.3018066861338056,0.48026699101279413,-1.1902969338783917,0.16463299418464181,-0.26989337915527389,-0.04367881560111618,-0.014318712135734945
192,-1.0142341991994823,0.74362821772439913,-0.34496609731852096,0.51962825616866215,0.29691106801933836,-0.035712080956761823,-0.56860475568420865,-0.30731769088465133,-0.46623389178228136,-1.6425745490459442
193,-0.87234514505446392,-1.713805116438228,1.0658617063443867,-0.15870346582930214,0.92755796303966609,-0.51103251426275198,0.26728433994659029,0.35277237347629664,-0.49168177952741088,-0.97615197001324594
194,0.83900145873044918,-0.064858663100900132,-0.49428651241281252,-0.04883725332762736,1.4006594391202789,1.6530459339502859,3.6095692568036832,-0.14005058392344763,0.11174413362943705,0.16821248639845726
195,-0.80301317464625999,1.2845017716546574,-1.1018854184060509,-0.46571146893513626,-0.17695246620831548,1.6205507412990601,-0.13217533192192796,0.30424798488838323,-0.72171695527072088,-0.35954082307978091
196,-1.0315785265099495,0.34208640648338329,0.66716278052872369,-0.58738403369907621,0.90808117065874927,-1.7332811529007648,0.37290050746258291,-1.1444486441310362,-0.50026182480663062,0.0093395110511222124
197,0.14882447129356469,-0.5052916157115821,1.9069256823121767,0.78134400012289096,2.2057324109491923,-0.78955347599752868,0.90584374799079392,2.2519169516772628,0.20053860182794014,0.24660601190569853
198,-0.90256723847270015,0.9767061207175266,0.96088072234021926,-0.11007504997374658,1.8087301819841488,-0.32601067084619278,-2.0760018727786935,-1.4399203348511056,-0.17327709158648041,0.59322931827484326
199,-0.1798718007963328,-1.3512585123044896,0.53872611274924942,-2.1235566018497312,-0.38467229094190297,-0.46668960695348116,-1.8487142890910937,0.14817046893087327,0.96225773969298578,-0.429900174241307
200,0.058443129201302568,0.026047794149082246,0.3829715317558593,2.0338271740031151,1.1456620197077207,-2.3766146675802742,-1.0585661428887876,-0.76928331226285629,1.5186227577630771,1.9268231555204309
201,-0.059514093547355706,0.24636284507960984,-1.2528203812638523,-0.1215258936066501,-1.9905120030675141,0.88421424544433513,0.54430783990239451,-0.16195451853539061,0.17562252521387417,-0.79910544157276109
202,1.3137205382913824,-0.22985047628332828,-2.8344151175297085,-0.95156870589488207,0.91689271583410104,-0.43533109493495664,0.16433020095037262,-0.5177731211869554,0.011121275669643181,1.6682420660949693
203,-0.4115747811071685,-0.50289478807640331,0.79693495675472892,2.0720173647965798,0.81174666796142414,-0.57897895179446035,1.8396850248559014,-0.044617302114473636,0.22545720309539397,-1.1451422197402183
204,-0.17954050269557811,-0.33860134671282704,-0.14550951164781492,0.1241597571339127,0.50419341621011249,-1.6584098333224895,-1.429742721428644,1.571792162739116,-0.90997642325242245,-1.15738882155485
205,-1.1990661429276817,-0.83506401659784502,0.52276127614990608,-1.027997032528462,-0.72470743114692582,-0.16734551243205306,1.0182101925160036,2.7037609383051917,-1.0594157546493079,0.70432079843531725
206,1.2950457272150515,0.9067960967176274,-0.99178825699748674,1.4337480414921848,-0.097944810686035194,1.6616625890152845,-0.6551604567138114,0.41685191905280522,1.8701256341995252,0.38317022692694069
207,-0.20456034991410516,-1.911494129603418,0.55668901256781167,1.833360753333638,-1.428158569947013,0.61180111770228351,0.37606653032001425,1.2393775674461422,0.92555315485176481,0.24899869544940481
208,2.0334865756542611,-0.58449420288274889,-0.12600791236178358,-0.48133835199953079,-0.96907315547711725,0.18753687681684775,0.34153253413368168,0.82269398315504949,-0.67832079199036832,-0.13891717946020699
209,0.29654186526872178,0.11833183838747864,1.1900252056973093,-0.69931001598437936,0.86215002753763736,1.4230038142453516,0.28506476003601122,-1.1398745638081691,-1.2225324261161103,-0.61627007945312373
210,-0.60305927700834627,0.67470689012992446,-1.0293208913932907,-2.7883455515907292,-1.4067544671640229,-1.5627605682259007,-0.32127866429170615,0.4684532860025295,-3.2066442028747453,0.26479660273473732
211,1.1067175838288712,1.3411458792641262,-0.89730936056825761,-1.8169184737087014,0.30311504985391946,1.4605533187639621,-1.6926480953284737,-0.15940690303923544,-0.49984726331557816,0.11197837533293062
212,0.061519070871150487,0.43090518061275807,0.91553155138242615,0.22722491646103546,-2.5833681816828564,-1.0657367172475696,0.91869771513139331,1.1143526637476435,-0.9001512576575279,-0.27312478924378647
213,-1.0966082280335581,-1.0857383350797989,0.33134444735157781,-1.4003906512367117,-1.1523599632821104,0.047859050443028628,-1.1715284558737535,-1.53746015973187,-0.64648316470000755,0.37321699260482311
214,-1.4307613942053248,-1.0637002199417203,0.61494764720548367,1.0250497474200266,-0.93781652168452778,-1.1048990314154392,0.57038670115984114,1.7589772588868386,1.3561172361659675,0.30657636405340938
215,-1.6728884494990655,-1.446131098463459,-0.75458016329939914,0.85586824269180983,-0.33577867937166117,0.78686877224717233,0.85092186206457288,0.61436524742311671,-1.1245793957600827,0.71679338696477901
216,-1.4884614288316143,-0.092845456310142654,-0.97233498246141703,-0.48201532359318328,-1.1169808453340297,-1.2869574977299463,-1.08540221582116,-0.9095360610541191,0.57831725594346894,-1.4867704913085662
217,1.3412647395664226,0.72820096066217954,-0.14511546013016166,0.63399383746110349,-0.16285338243548939,-0.68161080386512551,0.47930392866665383,1.4086021030272924,0.975040944496531,0.6280150905912063
218,0.50928854759919295,-1.1866495640236985,1.2883046374362184,0.061426109877826054,-0.43002219750279091,-0.34972632827629019,0.30271106240449874,-1.3106943208496049,-2.0364561439842799,-1.1611267431506611
219,-1.2593317001754993,-0.22729516565654728,-1.1210793430670383,0.74694704506735266,-2.0811848349890361,-0.13847133480966639,1.343346742636585,1.9555867720035107,-0.36449655599236508,0.69914313851389143
220,0.093453292475403626,-0.61184481173590044,0.11524055287215135,-0.89392089686979559,-0.70921475503179443,0.69745091845712448,1.7932116252557555,0.73554406958252172,0.041513099314760007,-1.4038393913997709
221,-0.95419113319227622,0.093351877443311443,0.11348252867771177,-0.79347887673438244,-1.460723182217101,1.2206230806879781,-0.53788694164142903,0.72288350849645688,-0.828684398408159,0.64137887320766451
222,-0.90338467537657696,0.75661486003775635,-1.0852844145260585,-0.88524875840519457,-1.188305145471539,-0.73155001987772006,-0.48113567567298549,0.085952758663476417,-0.044152385816086187,0.47356763843138838
223,-2.0966528464009846,-2.7771441020510008,-1.167105553141913,0.89810809211894871,-1.0594774768380446,-1.9470285998418386,-0.45445947119454727,-0.98870019120617303,0.99736336756198696,1.0094417328307641
224,-0.92385604949830691,-0.76120359337998,-0.39915007822630844,0.29102670904374278,-1.6128006611162935,-0.10870774848219122,0.77164815300315781,0.15662341574684696,-1.2623112012921467,-0.63195173551472428
225,-0.39227805468823085,1.254995232342095,-1.6438055604080462,1.2974738448787888,0.0010983962013634242,0.90434704991693515,-0.23004473029327674,0.80234705203568268,1.2492275429478275,1.3336727739356631
226,-0.92903537280430115,0.42977079848123545,1.1643159136985224,0.1283090038667401,-0.77241997293959652,0.64962485509540302,1.2476065877559497,0.018277806212182692,0.83625184314924417,-0.50810245160946399
227,0.29663908297122799,-0.80527050000490763,-0.091841758776312621,0.26901052814915916,1.0332269669195344,-0.33972725599331183,0.64053051267914962,0.22100728918119564,-0.40511597740208882,-0.52180412160858558
228,0.94987909729652709,-1.4365436508371214,-1.0446798869702891,-0.025769935967202104,1.029658438074045,1.6217383827965679,-0.25034627376655993,-0.41738778626929118,-0.60832800437097068,0.71037241355355507
229,-0.30881741638573418,0.74473005277242232,1.4855048917436482,-2.5652008842675564,0.7775083486358586,0.72990450792690376,1.0512492320277713,-1.3134087520589803,-0.40218519986350437,0.46156547004957876
230,-0.053065713720921025,0.5390718221549563,0.001969776076014285,0.78430482406904856,1.3073917087199707,-0.84507260489439073,-0.65792402117504445,1.7375909311462783,0.14985022567534764,-1.066265560071584
231,-0.31078022874054195,0.60889976073927365,0.12172287581872952,-0.73296010628566477,1.5748036490041366,-0.22243344751876654,1.4052381974153798,1.2112078819170902,1.000408906117443,0.21394578334674924
232,-0.52397498889090099,-3.2937160383552082,0.15738446046744509,0.47890302751630542,-1.6318056401330445,1.3202666815564963,1.2727693910208595,0.22975496080529489,-0.36821878926536522,-0.65741802378214709
233,1.2337840754762843,1.9425892301430363,-0.72092293629214432,-1.5911071024165595,-0.96787710203783028,-0.18991968613693855,-0.8574112124763269,-0.66439202058744762,-0.27402227284443897,-1.3106545366392999
234,-0.94946112388141413,-1.3324164541343295,-0.042041009096457548,-0.11345085343417753,0.4042598227175131,-0.33005482050638313,0.3440052393437078,-0.36099278410613961,0.38241438773529218,2.4638610394151264
235,0.49867732623144456,-0.71819731849708701,0.93691312156453033,-1.4411025859505009,-0.30456726875737528,-0.040553891003193704,0.68902276218152025,-0.95368200231187839,-0.39400290688456441,0.64284134505755364
236,1.4062027052715591,-0.79321792174987282,-0.057405957991778792,0.21916324230925735,-0.56534935341957493,-1.0121863395730839,0.88834226583787346,0.52834478555619524,0.38653035051841761,-0.066588305586354202
237,0.70629881706482356,-2.3120360409328913,0.80710145805493116,-0.15131472732268045,1.4019382331774866,0.35474436408059312,0.84016899353665409,0.046778090176140957,0.016355968523865269,-0.90315486059857697
238,0.703270714343468,0.34862523318294364,0.0080026205560163235,1.2715125927607875,0.51806940069030294,0.35943470825784124,0.26173411795773199,0.59349160165333037,1.776706593724718,-1.3570587212490068
239,-0.33946529906049872,0.85034812853648578,0.34262775989402527,-1.3118048016193706,0.21900133049837295,-0.86863177951683668,0.74866008974372578,-0.42469851272927761,0.96420623999884558,1.2573190643910173
240,-1.4926492593083875,0.51587086478293831,0.66574916383696159,0.20600842939071715,-0.80741799156433691,0.50875702021131508,-1.6518342973182363,-0.28955901275249574,-0.27248643632012426,-0.58476805502884421
241,-0.082898034487264266,-0.22668610450727725,-0.25591328278351783,0.49992477677982505,-0.03293177167486315,-0.11310665466444608,-2.5335270691704359,-0.11302876611252256,-0.92740813500134156,0.22133624135877158
242,-0.12816311917871764,-1.6321895327838056,-2.055319383994938,-1.2766123287569426,0.48282940205663694,-0.76763751092531363,0.60346924315625816,-1.4152447503845198,-1.1240317226426815,-0.12140953986216471
243,0.98588408028313856,0.79946062369332693,-0.44363246222480696,-1.2650834921525578,0.46797742343836102,-0.24602169954114217,-1.370777617887279,0.83005029822413889,0.011228307325839529,-1.6227749137837169
244,-0.87497931713069899,1.9444939830875374,-0.21072009341835285,0.32027339409623107,0.51328622348276098,-0.38499938046214777,0.1558699582116839,1.3524684720396507,-0.64914208931159822,0.14017558766180316
245,0.072557781215995321,-0.7894253396933909,0.22138368091723459,-1.8506515771262757,-0.13635935261138463,0.22674301206549219,0.29661903834532499,-0.48714624207785401,1.0421023747396447,-1.1758364452277983
246,-0.69180622976093398,1.6687280999923477,-0.72832245662406681,-0.2179293993362077,-0.8626537325850151,2.8089598411084715,0.67473252594837119,-0.31948236973727168,-1.197810488537699,-1.1363992123600828
247,-1.0680206910143937,-0.85319033769728125,-0.094952085872669859,-1.759343317826354,-2.4221529086866322,-2.2871557902863491,1.1371420755665391,-0.14167440456442937,0.81402832763824984,-1.3170225781012268
248,0.80578795919905566,0.10626985488660003,-0.23523005575529146,-1.2643116680717006,-0.64790625347109465,-2.04553957465254,0.27330265540129206,-0.16639715433828275,0.58888922888399142,-0.58375928273573396
249,0.52960030545803194,-0.57290987919447534,0.75957266281488278,-1.339586721252386,0.3322747173065434,-0.99370857480787989,-0.62567211375640486,1.0246519866746255,-1.2142390563997583,1.4942118956242147
250,0.80860413452779623,0.35633250445853515,-0.830133989453399,0.35302783628996964,-0.86042593187203675,-0.19635153310386752,-0.80271301305974851,-0.14811995644203535,1.4485226419412802,-0.48734744611615333
251,1.3056745416154865,0.52098279759681232,0.35559254920144151,1.58282673556179,2.5736947327128914,0.54701907984339804,1.4684223301562931,0.81469361065652013,-0.85987352408915774,-0.31837971349283972
252,-1.0841607782655283,-0.047749424709110852,-0.50135358559752408,-0.69934943318400511,-2.176407205761036,0.0019118225393713745,0.31581605830664994,0.11055932236223678,-1.2118047094945261,-0.89929503466374849
253,-2.0748417348530155,-1.3653782022179826,0.9172224359383343,0.022571327590539737,1.2206223947672037,-1.2038987302316997,0.55283314979750864,1.1351308996949914,-0.32195387160889372,0.28642592837039094
254,0.67389103384430515,1.7935936501703207,-1.1115443790852388,0.027226192128384234,-0.062850974476593227,1.1453176057602963,-0.20909638866122032,-0.24268764074245378,1.2270702611650264,0.67035843319377708
255,0.34473422234897283,1.2492929535100703,0.31221853113563763,-0.88807462504539125,-1.6456763513820662,-0.33431768800682032,-0.095482155073798702,-0.50216395832423522,0.91487908581594146,0.043797377524766631
256,-0.55130737356321602,-0.96627484903102967,0.76552828670079331,-1.601034487023921,0.054844108726088962,0.69932394120798147,0.017201185141528928,-0.60437516072084718,0.090458769079245729,1.8162848484310499
257,-1.1217017295714846,3.1723100158713127,0.062588321810464254,1.6193551768029899,2.0020373978408745,0.76686758074359729,0.50734626777989922,0.43067776172493466,0.33680022746525634,-0.422491317315002
258,1.56040522102153,-0.85653927999088975,0.38162236397853899,2.2573839402428266,-0.26616585390418629,1.5136698112214511,0.82360839804624331,1.6743832350079952,1.2407467266771841,-1.8562998182751838
259,-0.9048000683904226,0.77550544048046766,-0.86138679435327836,-0.46443520052041881,0.14435900375142693,0.67427231883275041,-1.8867576246444235,1.6146224175174626,0.32939452258893664,0.52608928615337902
260,1.623202586733814,-0.071670330617378514,-0.16665276336259094,1.3022243311884201,-2.2668701507469255,-1.0684712370717118,0.09311452267562699,0.96524690501009203,0.052147630156580638,-1.1800535236883731
261,0.94140377349002136,1.329610731716018,0.57692086770100159,0.3321353238666962,0.95090285926791507,-1.1617675186136902,0.45642947069623907,-0.41553555993114305,0.34729057071608666,-1.5181880009971693
262,0.43108107770808796,0.25764758313365077,0.91926850303023866,0.40101677310051842,1.0149750326412674,0.3418944692789343,-1.2553416734186076,0.050360796792274752,-0.81712998167241035,0.55105188457405352
263,2.4808604105178103,0.26968649396651995,0.27064978687447805,-0.37100117995603332,0.1130286712735266,-0.821039349415009,0.52155547629091947,-3.148950489357512,0.52452685511768515,-0.47129980402753185
264,0.24498492251572682,0.32545843520829482,-0.15510735762151642,0.70833937006505332,2.2221539481451744,0.36317832708134562,-0.21134505663476741,0.34480850200842511,-0.74404277153031206,0.8617276898009717
265,-0.45153896311562608,-0.4815771476350037,-0.42644558219641965,0.78769347580865412,1.4768307669532208,-0.40443246640471564,-0.20491231320299433,0.047418640712790901,-1.31060372317921,-1.8722532666843492
266,-1.3515234757740733,-1.7496866514858316,-0.81751204686778034,-1.0240255393333939,0.93236631802198289,0.63567626675018096,-0.31849128472304028,0.76477395549562388,1.2911003877838196,-0.21308222850912542
267,0.2137283477954115,0.38891610188313352,-2.2739199828957481,0.62231185697921776,0.32404198428579828,-0.64738854030134696,-1.0362588149801697,-0.0087156135365137732,-0.0093807252773429172,0.13700427871350965
268,-0.95799813323864702,0.87935960454349205,-0.25745882113656104,-0.022708884037550638,-1.3645031105948708,-1.4069459935717465,2.7528320160335245,-0.81795281884210591,0.18321728859644409,-1.2090047770525301
269,-0.37179817738430371,1.3492413239955292,0.49774906930886365,-0.54757226813046156,1.3181454105655928,0.41282335408375553,-1.8191583099713191,0.18632824883048293,1.0276016748257164,-2.7781391547608658
270,-2.0161296354467027,-0.1157824817270648,-0.11717856112324314,-0.0069554446527797459,-0.1606772457718191,0.43269190203594327,1.8734098717753846,-0.70577979618301734,1.2271020175026781,1.1335455733072466
271,0.049232263054762485,-0.87023623470397726,0.53287828778331381,0.95536881089978376,-0.27834158459735792,-1.1769994736144989,0.01926755918583559,1.3257498160114844,-0.065723352791525164,-0.91432879303624637
272,-1.1387198822303839,1.3150001209934852,-1.4044071655162844,1.1027476129035785,0.7605182729672848,-1.0497841955765408,-1.5087582874527079,-1.1843015989762604,-0.83960713741198678,-1.4759955778142033
273,-0.24260715491450233,0.41343112842065011,1.2982847126260324,0.60363933930159686,0.65350739585018514,0.99554678275342001,-0.37115386004974416,-0.29432889006868573,-0.57444482389995355,-0.45727034229771285
274,0.36268989397284079,1.0259455916378912,-0.72740535248340721,0.020566236547007843,-0.50455926072009993,-1.8073253749018507,-1.1894137177107158,-0.83634256843861976,-0.031315538720523513,-0.27271007803023417
275,-0.66575432103720011,-0.91062079059857837,-0.069602960729750848,-0.029042260773972022,1.2628055838551968,0.70880456337268505,-0.3980568876849091,0.29299036672658763,0.32523858943994532,-0.36801425476618366
276,-1.0099359969355253,0.27696488425734545,-0.11683793831895307,0.70086687915604895,-1.7732798294754495,1.4245156000064023,-0.21719229115904509,0.27628743772104436,0.27932438762480261,0.56790282314403773
277,0.63672378686706532,1.1992789196800167,-1.3172805626261834,1.1716807965356515,0.71925846899855383,-0.36112606241121536,-0.95585969364584233,1.6953531202821865,-0.75040588485035065,-1.2577260802065218
278,-0.82324795284383101,-0.39054354541249253,-2.1150121102551185,-0.78581804313044168,0.066251693482787616,0.75035998258426129,0.010476897465800779,-2.4077488698153813,-1.2894152775994399,-0.31977552358222711
279,-0.76871246910914681,0.14721141834778356,-0.47486758607826313,-0.018788019465640609,-0.55710368504652097,-0.15641907693738832,-0.54396148328327953,-0.03043423153044509,2.0335556615040495,-0.90645672141047173
280,0.42431383078655771,-0.10760690612201461,0.42904825005038577,-0.50596033936759066,0.38071649239247901,0.60546814055504705,-0.66167846460304358,-1.388012276893839,0.47251121432868087,-0.064390318886602321
281,0.23265846375177515,0.051762741005545905,1.9019330163073624,-0.80035140168775243,1.0704053027750366,0.91288748541344189,-0.44074610122882629,0.66962284533917449,-0.62059096525372803,0.25924133807678035
282,0.34578144052214954,-2.0418193828626756,0.69229287745056534,2.6108876135750747,-0.1580656840409814,-0.37380464034467048,0.59567757361586837,0.041606353868069747,1.2592699267994587,1.3306462097051028
283,-0.6105123710789655,-0.45619348267113935,-0.86542815339864154,0.97053214869450599,0.30497309114230409,1.0489555570251197,0.14572928750754399,1.3963226448457353,-0.7849278230759309,-0.16260006025110077
284,-0.41161493532034876,-0.013693214855700101,-0.42765356901842128,-0.0013368622184039267,1.0566401009409039,1.188716173089333,-0.19808358731132839,0.32647118683700566,1.4600519875534681,-0.75329732210877787
285,1.5462786814294398,-0.4388541493918825,1.234623910094883,-0.58790349462178471,0.97485033630455598,-0.10670817403137174,0.12107128598554488,0.1973935754985971,0.59054783857140902,-0.89404968610721713
286,-1.7507486857396661,-0.09638965830409682,-0.43161185756483489,-0.106034527822299,2.2806471853061954,0.29290724843342336,1.1367753106936827,1.8109781830560625,0.82036132482944157,-0.28138167919981028
287,-1.1516985760430294,-0.62416905888907748,-0.7166316244644767,2.0100849201037159,-0.72603485871126261,0.64190328272539587,-0.094169366138056598,0.68321274914789176,-0.26266364842032985,0.50071606187865925
288,-0.5678669703812057,1.1542574964024133,-2.745262497401042,1.7369371543508019,-0.47840046556710264,-1.1318528692079102,0.58282749514468069,-1.8670530529603122,-0.13238402432807136,1.1043315810448737
289,0.96932494151536674,0.00195109886002578,-0.33485967550745799,1.0191025471231452,-1.3196215614833244,0.19323224961092106,-0.34371389779816919,-0.50815774450385243,-0.22746362339255469,1.3452903231645739
290,0.5580241164919798,-0.70740065816411624,1.5018309732456225,0.42049855601636499,-1.0445485636942757,1.1578816129101783,0.18651903983575416,-0.62716497895723344,-0.9600109537486583,-0.52328524292086454
291,0.40776118009525714,-0.63016110897380806,0.027751148304989575,-0.26894015795151222,-1.1831610835410167,-0.69612224970040015,-1.4593139853464963,-1.3846256226501137,0.76438478532944609,1.2556677912265048
292,0.42133883954337153,1.328525553257369,-0.85813978844993444,1.697825811402498,1.0916307593641572,-0.5427758237198782,0.34931153013145516,-0.72398855643055782,-1.1127284208886883,1.3402421379823737
293,0.95180249384458293,0.043660263756998177,1.4193511237590652,-2.0178465134789434,0.15170460255528542,0.34454436332479144,1.2210886948838304,-0.22875404796688106,-0.57668029342437066,-0.048287435507686945
294,-0.74464423377236233,0.19297143594285021,0.026564199521686111,0.8562195240231717,0.18859444264355718,0.13758556875777453,0.0085213177025681899,1.9335697331977721,-1.3343369868344563,-0.54175584202262494
295,0.23777410080899961,-1.1255316646864133,0.90905624543962271,0.31582083726597499,-0.27835048278564145,0.5503260754782241,2.3961519529583426,0.64086800856434167,-0.73277084104483747,2.2156456288734048
296,-0.68033114021018892,-1.549914802856047,-0.020566765978593676,-0.90271890589404635,1.3507297938297063,0.9362746292469587,-2.0219488730148703,0.97027690774442688,-1.4028570473766018,-2.0918375081426257
297,-0.52068078021336905,-1.3819775731378343,-0.53766925391625353,-0.47708317082212714,0.015700840358303977,0.70346851481432582,-0.22796250478274827,-0.3158717418463865,-1.4041516603485822,-0.4445703653510017
298,2.0034827897375878,-0.49664855905989147,0.59401299640613492,-0.18543936735598238,1.3093947719942347,0.41459498263353067,-1.3869857776774492,-0.35653571255283772,-2.5039406789615239,0.95870044945467003
299,0.12071854026864778,-0.19319451486025876,-0.22122688931606016,0.62160312395729134,-0.77281008410685359,0.31627874394322075,-1.0344102129921964,-0.28190970615706151,0.45346981586603136,-0.75879919078284674
300,2.257566731832886,-1.853273521746595,-0.88966933099234868,0.27981446382425879,1.263261469391908,-1.0990351234068749,1.3532471216483366,-0.47459961458112954,-0.36843312625102725,1.3366764878031785
301,0.99667718108724401,1.8348182943398357,-0.59002323979506377,1.1959744070336198,-0.63264384243551841,1.7985550110489119,0.064381335779269036,1.9555312962379869,0.23534086859949455,-0.75456672247499346
302,-0.26929636238125382,0.34677957451914598,0.066029600746424305,-0.50429157490552956,-0.78210378226203514,1.2745895859527245,-1.8637763894131096,-0.92113419492499604,-0.28133010869814373,0.0087988099070972787
303,0.70672533735206133,-0.46846863741324501,0.94356597186862357,1.1671955505937432,-1.5393448396299674,-0.84146644541564353,1.3186568505183949,-0.29840049307259747,0.99857985509946046,-0.052936362535290972
304,0.39752766923744098,-0.67833633497817714,1.3327889211829982,-0.97650733425058356,1.1680456674050821,1.3858702345699319,0.98089451477858824,1.6713416377244394,1.029589724966234,1.1310543505147175
305,1.0460705272684796,-0.53395850935493627,1.8200799408102557,1.6435124552947784,0.4168317289851714,0.12369345479736134,-1.842100097339912,1.9485279933999504,-0.40307639862320149,0.87191508821607888
306,-0.02336534038108546,0.14915153389548552,0.53652307181764614,-0.19865478508934456,0.014426739830438689,0.40265405495452283,-0.55546953137641009,-0.28909482981617762,0.64971241716628048,-1.0340681257580844
307,-0.69256307685760254,-0.17168330448044539,0.73527413974360478,-0.46628839263691119,0.86417641999132921,0.28015617196855613,0.074977597828701864,-0.26701539194230606,0.21054573067612189,-1.1824529114306137
308,-0.22786758878362665,0.2096247358338274,1.4814650844227033,0.83183500343355865,-1.8054202572360167,0.32963603065485753,-0.099009176353948763,0.67563437629622036,0.0034538867901044968,-0.1825108165840674
309,0.72946206482496645,-0.8265551368578099,1.7677583373759067,-0.1176466250970311,1.0735777492726564,0.98403649155011652,1.7381135198539237,-1.4861002304992124,0.36564323213752958,-0.27517615290136538
310,0.38869518782824186,1.3999051411857346,0.2393355193337427,-2.3720826444655563,-2.507903173336945,-1.0941050036930045,-1.3997808700368175,-0.096238682032925724,-1.3778647243017677,0.94588346762020004
311,0.17732928780267668,-1.0320130017116182,-0.88914318524944835,-1.4681667092864374,-1.0499255227311333,-0.87299256215895438,-0.13719849354427874,0.085197379312107718,-0.2492084725323499,-0.14342595867685765
312,1.9347678873327852,0.89548612369697655,1.1666477549771701,0.34187263168648341,-0.25363314114969637,-0.7059803581839762,-0.86991568182036383,0.60304539107286403,0.76748537928668603,0.44283449382929801
313,0.26804411269849127,0.37392595289103242,0.48302913707071038,0.69997962823046656,0.060520580830344381,0.885600095790821,-0.17100838322213552,-0.42432012514990525,1.1281674369821486,0.045929500159724371
314,-0.49011840659803524,1.5275677574764503,-1.9770746524665297,0.1876125091898157,2.6603492444066292,0.034067476312123861,1.3061328606629077,1.8531493187160588,1.0788483290703164,-0.024433030107796589
315,-0.2460060147750559,-1.3236960058470839,-0.62878319879065336,0.57371812851268045,0.83602820214809925,-1.80139897665916,-0.099999355894071454,-0.59514422556714697,0.55140444704972502,-0.58660516342029401
316,-0.49344932620649729,-0.66645654003520061,0.17712372527860187,-0.24273409194828938,0.35649612442907591,-0.89449614491254614,-0.076010539224501281,-0.74337678033110688,0.75124833938177393,0.45568481373214054
317,0.64139937523457058,-0.89982796940052323,-0.96649308946516632,-0.48928040432037317,0.4597994207817736,0.045779818910152099,0.48914937578691808,-0.71678229272980365,1.2089859616546821,-0.12436753675664917
318,2.431771480541379,1.1455592709830447,2.5202185167423563,2.079526963399275,2.0898288444764095,-1.2262622246714354,-1.9371040830404511,-0.28485920271633686,-0.37262724823031973,2.1971639266956955
319,-0.42766048449883554,0.20910920050788945,0.085295357335235675,0.39504320508293961,-0.16963292133304567,-0.24774633161647275,1.0515456496331148,-0.53868037013014791,0.85009270273357274,-0.12853484887326413
320,0.015403349525099894,1.8425542485630941,0.23574870998159356,0.49497018297249495,-1.4637866738729621,-1.6396835566024435,-0.74253769699770811,0.72540434010241417,1.2541602228433082,0.47704964011904666
321,-1.7237467314286037,-0.76567456671581879,-0.66541289504074619,-1.0148400697703615,-0.74228880065201486,-0.29555826236151644,1.249085208762168,-2.1803856780822586,-0.70501445903771998,0.38753454270672194
322,-0.73221014517768301,-0.46402413735291914,-1.5774797569102994,2.0832198284558916,1.0303170576921781,-0.13284422268913851,1.7999139584704442,0.90333676072487767,0.3470436913906092,-0.53115405416927319
323,-0.43718304152012816,-1.5036358189859043,0.70906565917097764,0.6653296745383247,0.70094474672269458,1.7631424410970358,1.2589688430808812,-0.10467271746886136,-0.10636193767346919,-0.77366091722914987
324,0.0045658579289152871,-0.056669056817743896,0.47768960232944863,-0.44372363745599974,-0.77361721042752774,-0.74132670242756427,-0.29958972035594805,0.71030626517367157,0.039123808220317913,1.2140422294710407
325,0.21342034516828143,2.1721472444383836,-0.5492542937671423,1.3767800153382466,-1.2908700214643622,-0.957068611109959,-1.28691972799132,1.3425854443380645,-1.1892850787288591,-0.42316400241002283
326,1.0978118267274524,1.2373508845129648,0.41012799335224603,0.10967248439603197,0.20501029518129002,-0.094014931323841366,0.50789207798646951,0.67843256606857105,-2.4424936703798807,1.7642924578546308
327,-0.40548026461581682,0.37002021608350294,0.75351814408424123,-0.19822630605499594,-0.0011658785314897528,-0.016158487207075189,-0.26715116780094206,-0.1100479673128633,0.20242627376459763,-1.4515565506409958
328,-0.62300166758954367,1.0937607259507747,0.55317681877268565,0.14263736051292122,2.1181946898296413,-0.45605277135078631,0.476608682911347,0.46265002457226401,-0.99832444213386051,-0.15536350010649577
329,-2.2161728863259893,0.57384238923290276,0.090508822073930989,0.058937026587609923,-2.2821844371339015,-0.84212879369272786,-0.27298982918544129,0.38809876162292828,-1.9202638036213089,-0.59540781447557201
330,-0.068985683995710034,1.4122080303989721,0.86102770150609853,-0.11875963412493644,0.65471751743303463,0.36454145383979991,0.65499607288267869,0.15937189777504232,-1.7767177977687512,0.66729489338751102
331,-0.20239383528385274,0.39844072939279207,-1.630589438298176,0.66698337832191135,1.2337282238230312,-0.17761869915534159,0.2699720137167011,-0.40885823408910194,-1.0588641410484141,1.8678363005239127
332,0.6660089056774624,-0.65359964609341881,0.37203464668020525,0.61669332491572504,1.2962025649801689,0.75100609984201072,-0.24127041016933951,0.053440128243673286,-0.74701150798367622,0.59630132548276316
333,-1.2897174080428742,0.13131706717388866,2.0075173740426959,-1.4962702145294171,-1.0997417157312328,-0.72718748514049725,1.7081994194792722,0.85427053766706662,-0.54692510012157891,-0.47263423053570641
334,2.931121581243135,-1.4029308086043937,0.73049029273247068,-0.95146695226572808,0.3282287269737843,-0.097754400682067782,0.91909592928541683,-0.78573134100922104,0.51438314789914374,1.1092340694658662
335,0.40824124045348342,1.3766483109000598,0.61131071684797855,2.046574473194823,-0.29842077261929123,0.25821159588182785,-2.1689648078071042,1.0872809140496273,0.55428666333497145,-1.1655513729954736
336,-0.0018450889994633729,-0.67268853604193468,0.46913400113790427,-0.42753427798394744,-1.7276420550047207,1.1024889825605568,0.22158870852397428,-1.965854197189447,0.199923961448356,0.063710872300476493
337,1.7008993970122188,-0.98441895257385026,1.110077534595229,0.46550083958481048,-0.92688988816000117,1.8352084086749074,0.02264304646661669,-0.55945712093826028,-0.96252913039734567,0.43489104202713519
338,-0.24410648420442504,0.86523274617042223,0.16369443699592121,-0.82913640924117571,0.74161720677311904,0.1623244972375803,-1.8736541978746393,-0.28268178566311825,-0.79598095425034965,-0.39451780051285729
339,0.19148567434321148,1.6601808392928341,-0.19811819327622981,0.067523534179586411,-1.1912089624907658,0.95058417475791612,-0.49872293820043156,0.86040771766151147,0.033382707563420495,-0.23542994772971437
340,-0.12318159292752177,0.86033582142487608,1.6800114591129351,0.023140242658039843,0.45271388042593419,1.645561568986984,-0.5278929840989981,0.8098469064513748,0.66307674639837788,-0.62246483665622032
341,-0.055485074975437969,-0.09271867658112963,-0.25822135528892015,2.330244075165242,0.25176656901819044,0.90544027746227485,0.76975669557049609,-1.2782513884492999,1.7333727692203857,0.28447417050484436
342,1.6084927560176017,-0.013584917787992503,-0.47536215551448441,-1.0302122113684025,0.20369034576208217,0.053264963473708439,0.13065018338791418,-0.51372992483673985,0.23958046731058813,-0.74799877123807856
343,-0.87011466101920354,-1.0290680872001576,0.040355011171976145,1.3023372801860842,0.50056244789710769,-0.47826713952177985,1.2460059739121474,-0.098868300136308651,-0.26596776219493834,0.5075741644897197
344,1.1997681706269543,-0.50219712269516281,-0.32395940792002786,1.1472297385890649,1.2596275255183729,-0.45269356451979126,0.90496002222565064,0.47594715992889247,-2.8298986388725713,-0.34752010080101076
345,-0.3612497161550105,0.53986035525722897,0.15239103146744043,-0.47245490957544489,-0.43224725682365783,-0.85636174046248614,-1.3589057455141649,-0.20403684272567954,-0.86769101698851603,0.31356374990867913
346,-0.5451485720430459,0.83779120915745042,1.0457405951245828,-0.47274614438392598,-0.51053032746396732,-0.2790408504566067,-0.74440369614301072,1.0868310810414383,-1.1543746964072623,1.1760419120907419
347,-0.53474988846109306,0.30588198523487975,0.76045004307588271,0.22617208274062225,1.3514145440750065,0.54941816701879442,-1.2462293437991594,-0.21459994111203817,-0.13427568691482086,0.37695110767363982
348,-0.103580250899618,-0.047486992793046454,-0.89993937618667585,-0.80437554996715122,1.1935878956149957,-0.10955344122611951,-0.7873591964877612,0.62157390694016679,-0.7381839083818339,-0.095876461101188706
349,-0.48993341633161863,-0.03864699822074541,0.34535347030348684,-0.73749587543187511,0.71956518253227908,1.074456637116384,0.55501149809125971,-0.48228538809414856,0.7439324022889211,0.27097682882477669
350,-0.41081596435876805,-0.0013299160796200369,-0.3144161781948191,1.4683803187346116,-0.18845594567705048,-1.5091935725962469,-0.85982728708999978,0.70043109036064177,-0.5895401831414836,-0.63099819004052615
351,0.0079117405554399618,-1.8650489340744674,-1.3524670528167546,0.90749918607903945,-0.84319111335483743,-0.1888530126756412,0.88116707471866063,-0.67185204879020122,-0.16738130612864274,-1.9948115911261202
352,-1.5805298484075807,-0.47567542020806969,0.2765391428985487,1.3239320989846259,0.67335209471320612,-1.9841690184799126,-0.38790822699637983,0.6255946481451552,1.1675053651686222,0.48911805626890192
353,-1.326009320616941,-0.30911137546012069,0.81403402995958107,0.76199080711148803,0.52519960418038314,0.15482356661164387,-1.81144000673339,-1.7791965972945907,-1.8529522207288922,0.6938321825176097
354,0.1301717041718255,0.32916361372882297,-0.71683461850658625,0.66347164703837702,0.29634672473101381,0.42982658067223578,0.7214933088631853,0.90767471471014616,-0.18337190664262709,0.42657943719758595
355,0.35687839725866111,1.1886665498243445,0.7867952571077772,-0.78452918887935563,0.52708597250551459,-0.2584761581852833,-1.5529430344775872,0.50109262733557935,0.69582999266522749,-0.60485808945609476
356,-0.22703564644541208,0.48781569176160572,1.8942476460800082,-0.90359104354170861,-0.85434789266686462,-0.3719594393785754,-0.92966976947662661,0.02969918743088348,-0.98983201148259392,0.0044609339503094746
357,0.76783408262487429,0.37775286476413805,-1.2414257059306768,0.63902051249930658,-1.4104035405220805,-0.28757646587393387,0.16850982607969153,0.00074185648976187,0.24578828096748176,-0.12608546827515604
358,-0.30914869003080742,-1.0712008334494265,0.98568437996427327,-0.76030827986821892,-2.1237774907012907,-0.37693636205836495,0.35179378899720776,-1.5927799717301625,-0.92969509614882617,-0.91354800974369144
359,-0.87628385983592083,-0.55102896777546906,-0.021485218837937036,1.1492204081151531,-0.1370578091632581,-1.2844741945967397,0.48631901129640365,0.77679123358816282,0.10354767688561624,0.49830645559565817
360,0.78534332950154995,1.2426569756084496,0.24503269036754619,-1.2138864373955065,0.70086241698984941,0.56028019877046409,1.3989104954401665,0.21345962082230366,0.6894783450150439,0.44579425738446288
361,-0.83106743319254495,0.43785795399351618,-0.5000904651286493,0.40451379126331177,0.29532204140492696,-1.1483866308935895,-0.45420455462757664,-0.89896949549596583,0.63631570457085185,-0.26612894766988171
362,-1.1238853352203424,-0.10231531698048878,-0.98637874227171884,-0.73641994925484433,-0.068054542666787732,-2.1250170591097159,0.50375030950532218,-1.7734588075852478,1.0306587754671852,0.011169095850636541
363,0.96009373285304711,-0.9364688784768167,-0.82188992574115161,0.10244796019891698,0.76202292790296411,0.20480104928598186,-0.56935435717225902,-0.17716806317820782,0.10985095513563084,-0.12909361119058888
364,0.29598832350768095,-0.079491762755883835,2.1790967005754309,-0.32091387468540644,-0.95862899623891662,0.48109109432887653,0.7182964595612874,-0.079073547800273702,0.9593813338521967,-1.7694491043356597
365,1.0043013728288823,0.9855808222144028,0.9288715703639141,0.19001699137795344,0.82633549679721474,0.092326272559769537,-0.084645387731901098,1.191389817323826,-1.1214144087174371,-0.56344835007570604
366,0.35416885123285485,-0.72508286832529445,1.029401670244328,-1.1299068466838589,0.30654339517807427,-0.94372289624378625,-1.1127942719312194,-0.19484694830449173,2.1642311426989704,2.3781672341894811
367,0.050518902145477412,1.1968055939531701,0.0776617132665645,-1.3522553544432032,-0.10108111126163134,-0.0042562794697630487,0.9411042053794082,-1.378788034205074,0.42338801033130241,-0.96092129413763716
368,-0.28894023615631748,-0.77033630825801014,0.17379999871238794,-1.1302457844121796,0.58607734393418309,1.1992173363696543,0.11283762862034877,-0.48749468474872032,-0.49376884220311479,0.84093376041272672
369,-1.4202667239546352,-1.3441673055028833,-0.32209348521176723,-1.1812327957992905,-0.35194442472335113,1.1414646927433243,1.3514085421159086,2.6403679546540566,0.20951876948836204,0.032524171122693929
370,-1.0569253888826131,0.38228020645750826,0.19243340271051224,-0.30497088931146388,0.016718182519854033,0.54673134750881414,-1.0867893175195342,1.7876731541719539,0.93997522996707905,-0.4778979854975442
371,0.91852730467721944,-0.47289524623279222,0.45087184096873695,0.68202807741151827,0.74640319803278454,-0.60587660220704675,0.34226976409975757,-0.74920967914052161,-0.51385810573162627,-0.36365143194536187
372,-0.49139457609810266,-1.133988241156672,0.014480220918290808,1.4138288446583782,-1.046209881614429,-0.68841384216919688,0.38911091173027301,-0.32168095892862447,0.4222796182648505,-1.0791663414428374
373,0.7591327750061303,0.4851767157344008,0.84039422197230085,0.66699300615298152,-1.8653926300178685,-0.62384928467203715,-0.34617473864131237,1.3239162194350955,-0.26778869163799601,-0.48554412002961789
374,-0.69541587059088561,0.69616044684109624,-0.44052593236421372,0.70880189668486737,-0.23144344836734099,-1.0458314328958342,0.35262098232904121,1.5932135473058227,-2.2570197892464745,-0.15606448080947746
375,-2.0151230156173123,1.5958076856790238,0.3057846106180982,-2.4428907246577718,-0.82166853260299433,-0.78748615064267324,-0.49635257329107269,-0.49173342854834096,-0.30062084947101347,-0.079561361596422117
376,0.70700630382844376,-1.9794613800842424,0.81661216175782902,-1.3962962563117511,1.5233138142546607,-2.3671253689225598,-0.25023560603286227,-0.6649624577805503,-1.0293040224240715,1.4866956519614876
377,0.023805664779697915,2.2716511232856784,-0.68389255493714951,0.054756893054538201,-0.049426080033554927,-0.79459567691708721,0.88014604183722456,1.4719384345291895,-0.19339019293792745,-0.12944815312196295
378,0.50515746303155451,-0.98598288264353273,-1.8568813242983246,0.1471333226089446,0.42493597255775967,-0.74598959106231222,0.79619175314994628,-0.74079531940093835,1.319571737491376,1.737413636540458
379,-0.8844009850795812,1.8127721841730402,-0.83465609450018263,1.0980689042352694,-0.92512071244153782,-0.86293481044773779,0.025895078915915727,-0.64325817649400929,1.9679208738268192,-1.0833848579919081
380,-0.23161225479693148,-0.50713559858556612,-1.1190150458166743,-0.11575537361863084,0.38321781007785044,0.80087934770438018,0.091803521723817963,-1.7064319848478811,-0.80725119488942465,0.14909808111523459
381,1.3411112234301037,2.0591551388768461,-0.15356025726514369,1.0785698053696151,-1.4178507812848493,-0.16644576337887765,0.60710012089091481,-1.1978406405144473,-1.1379587779235101,-1.3370021919866089
382,-1.6866418432578509,-1.0477329924415164,2.1693288309453251,-1.6547309457215569,0.37893159405218968,0.33985117274896964,0.21287129705345387,-0.16667317279938701,0.92667305280557233,0.87101636997129728
383,1.1904983953629127,-0.9684088555262963,0.44916913484780324,0.94807557663371811,-1.6153850478717435,2.036797992550297,-0.57979446341843699,0.76268435122013534,0.66907666509439589,0.73371347944982157
384,0.22092602848619491,-1.5093455750751541,0.87909670662599848,0.38232393919679974,0.15040940424312013,0.40309284930739769,2.2527896042947884,-0.25390872058209257,-1.2402024976393544,0.06678670297651973
385,-1.2262828132132928,-0.25600421830893749,2.8789156158380149,1.0690551727893309,-2.9105974566548758,-0.64580957663604777,0.50489001022902391,-0.64089018945521548,1.1015714970904527,0.31171893885153473
386,-0.07166553966992302,-1.1810014447088428,-0.97200660738506928,-1.3772552951781001,2.4099040888360497,-1.4334784808987211,0.036600688693203452,-1.0093133768053568,0.069460169345466158,0.92261324219594798
387,0.42971666073718423,-0.040080931929462986,-0.35270843131784591,-0.69377876602563193,1.2601508617388564,-0.68909196900566871,0.61674519963916385,-0.60389226826010833,0.34431659222336525,-0.94046325827172172
388,-1.1014403455075943,-0.79650829662491285,0.035537108110233709,-0.28140039136849843,1.0435096921800053,-1.9808148377098174,-1.2058828956465868,-1.3885377251270099,0.44486443599856973,0.23415822998103164
389,-0.86331605447893767,-0.39313526124040249,-0.28676067152479029,0.77393213508585834,0.18894325964808897,-0.96450187024614387,-1.2664628400012288,-1.0042151402339814,0.45695027626289608,0.54136094417458513
390,-2.4013403357892003,1.1862732832574465,-0.32018099280702156,-0.96562019120407405,-1.425732291613677,0.11877477670844255,-0.52270353401854741,0.17764214161513456,-0.14757719306855846,-0.77291554162826992
391,-0.52508064951032096,-2.336605991824273,0.6281721812157488,-0.82259147622444961,0.96612143137611572,-1.6596713752675349,0.42841968845788564,0.44001305080085595,1.2403561006568693,0.36613152822207601
392,-1.3910020026393248,0.68212229745023067,0.71317222493551058,0.34957757473192741,-1.3278137786213589,-1.1765539856492326,0.33551715517791247,0.48779248479331283,0.10849336075315875,-1.5037658562596041
393,-0.17377197658074758,1.7716150698968567,-0.8240601723634825,-1.5555592903238016,-1.5460168386914797,0.38382187697688891,1.6989797286884665,0.64184113049179348,0.52857691710212562,0.011627681556901446
394,0.82236043426584182,-0.05280811795528597,-1.1596021703339157,0.48069292863631269,0.099349415330684088,0.82794027041310425,0.361563039079358,1.5975953135553476,0.5594558803267855,0.48147663001021229
395,-0.31925289632799958,-0.88388182648264269,0.71776593604256667,-0.68251190672765039,-0.43611124719077027,-1.2897043176652705,-1.2042630570019326,0.16322388513876099,-0.8505672090631704,0.89582458573048385
396,-0.055511717196295524,0.22246953874738651,-0.73956413217619976,-0.94780548382812213,1.0520634810307572,-0.90979585571392685,-0.16310971746002353,-0.25721552326245528,0.96695710865320184,-0.26115782360793705
397,-0.98756252850512094,-1.4404501353955226,1.3194827196422025,-0.34967017868600697,-0.89526468945724524,-0.491661478488923,0.86601444293474938,1.1963333451344815,-0.69938159236359276,-0.52685553722987677
398,1.272669449193377,0.60806534940595114,-0.18828002775302707,-1.9499078742843992,0.61716903460336781,0.76520952486323668,-0.95180964353084652,1.2706896590288816,0.79656260343708696,-0.47733645122693508
399,-0.42023037118993412,0.32728391307087457,0.42041657504392593,0.36569451118250768,-0.96725673382400235,-0.25492996649207345,1.3136129797503617,-0.97400060851582126,-0.87547022477292225,-0.87913617854038872
400,1.1528500762076999,1.1928144865317827,-2.0249756640318712,-1.5972581260007841,-1.1672027419587787,-0.72685439079841863,0.053142226831773234,-1.067272885861857,0.74165605571826898,-0.40412966684280988
401,1.367046313865927,0.88558566968667929,-0.2062349057502037,-0.45155782703029135,-0.46125228854538769,0.42358645647736237,0.56239322306807571,-0.041134054487342163,-0.93229818314180746,-1.6694404962682305
402,0.013842317048611774,0.43717023657260645,1.0991640615959988,-0.57177807430464045,-1.3233667826045925,2.5511703680684126,-0.084763540198625004,0.73928012181494995,0.040433601579083968,-0.7086799062988165
403,0.82495884705651557,1.365355741688606,1.0412082820747877,-1.2396991487322624,-1.9640984847251466,0.70433834968442821,-0.38375954257876566,-0.38027668250730245,-0.014484169278112557,-2.5186876400358345
404,-0.026830145633804512,-0.1802022783979447,-0.0033348747086262287,1.0107075877330027,1.142467382920682,0.60631612324628026,-0.5816561641071335,0.4455071505402951,1.3031635703302056,0.27331704981875882
405,-1.9654435511644961,-0.81192101421915053,-0.55739308370538854,1.0869131973153765,0.57351532428569629,-0.43057538304914528,0.94267787243980827,2.4286991067471666,0.51158617046313637,0.12094121394307433
406,2.0489844423312045,0.038261236726745543,1.1103107553083198,0.81501197481536325,0.32396169516118084,1.3326411061906926,-0.85158415595822867,-1.5318812411923082,1.5131013178182731,-1.3226148764362791
407,0.78409669611349386,-0.83590245041089395,-1.2927262431615625,-2.8349685162429532,-1.5655869757454155,-0.34291558564962282,-2.3026464597487895,-0.96568747478226391,0.88347711562376996,1.6012412947721708
408,0.26060147116204324,-1.5146205632776788,-1.4888757467963949,-1.1727639710170124,-0.38804154455314865,1.5385018611722763,-0.18563989027755537,-1.4448686070433732,1.6318885034400317,-0.66457657358978228
409,-1.8308803056270786,1.0146220966061044,0.44091176482742078,0.29530518423231639,-0.68741216204714861,-0.040076913653731901,0.2329434329179646,-0.29116487497798632,1.9600371056788326,-0.87327306870491161
410,-0.36465774369086584,-1.3379136713051918,-1.2799864240891157,-0.97489408312688697,1.9067353102231897,0.15176016161335512,-0.779288307717101,-0.69706859445038538,2.2858388904156963,-0.23533056246218614
411,-1.2339618457540782,-0.52352136517022796,-0.24065212564746363,-0.94095034803161204,0.80831983070605373,1.1909199935973616,-1.0604086427158459,-0.22549795471431022,-1.5562405435606435,0.70870356943413915
412,0.5605012698486681,0.60923336313647602,0.22921227431668464,-0.80621305861378179,0.013425985947749641,-0.93915844593429576,-0.84524467605218556,2.2277616904638458,-0.12772889013683195,0.19332832737253949
413,0.78078034740156987,-0.76599024974584085,0.31053432987160412,-0.5031794576430153,-0.89264102027274062,0.97486457501813761,1.8976523676730923,0.26312094871260222,0.26251774377746007,-0.45978068060429339
414,1.0709649160724102,0.39118554156489432,-0.32518759941754882,-1.3745358791180509,-2.1470295068144556,1.0137951871943101,-0.071046538338985221,-1.7922914382596471,0.49279670273274762,1.0618311660677733
415,1.9062859489773889,-0.48524353135140624,-1.1613464623158534,-0.5093603857483503,-0.69665415329998959,-0.41485184380279799,1.7981245321179096,0.70716692771100309,-0.32803895519809106,-0.26448329342077981
416,-0.041864793107157829,0.64398331056398095,-0.47472227183168547,-1.0231392925859892,0.27715705609813895,-2.021768160503473,-1.4982068151782248,0.94187463082053302,-1.9136005844212851,-0.83262992497835853
417,-1.3285631105620526,0.61231399348639093,-0.24412982169863073,1.3691231324451987,-1.4411010218304883,0.11128590012605281,-0.62495186627866306,1.4602853688204491,0.088281207178985174,1.0625758957473752
418,-0.13925145670623992,1.5954860990450657,0.033976162616482286,-1.1729685776866088,1.7856673423456926,0.71008488447338891,0.26130310506467913,1.0029977048749559,2.2563413369207899,-0.55609988904685259
419,-1.8751357944058786,0.89551955168506037,0.29209726595520036,0.9789051999989945,-0.75245112275206694,1.0670880653251509,0.78806101707060294,0.98737921721373689,-0.11032576984838467,-1.7272738564958978
420,-0.16154459667076082,0.020861387912169561,0.25740894748341481,0.10952129674363736,-2.1784813777139527,-0.8419471585440681,1.6814467070072616,0.31685407913459501,1.1501415064355416,0.71644744372965163
421,-0.72020627411074922,-0.42081126042907291,-1.234866675741896,-1.0265782067283393,0.87697702890368867,-0.0824467643101255,-1.3232830575015881,1.4653191979711009,0.83257660950488466,1.1056234857262397
422,1.1736105837701776,1.3066222642619036,1.4701679772954479,1.2605840247392375,2.0697910464027274,-1.5820611829798474,-0.21872755192132182,1.1168558695718278,0.98213097043562458,-0.80577861349767388
423,0.57294153453648644,-0.51266233076247791,1.1853011948379437,-0.41814127453932953,2.2257918736069535,-1.659069682351958,-0.96768849830966075,-1.5363989388406996,0.21549377081771448,0.077382023838281161
424,-1.6279805240271226,0.62986428913487547,-2.6223708850830918,-0.45315879139831855,1.6286957514123954,1.8640032596505021,-0.99971746429500674,-1.8012146662857436,-0.342765257644295,1.2976785615186102
425,-1.4613910092955278,-0.40987290024837397,-0.72527239545386424,-0.23423094794661339,-0.070505425317159351,-0.46420617100733547,-1.5157629342819368,0.76126976657233181,1.808346773996317,0.82553804290573496
426,1.1227365279458374,-0.76044896399085293,-0.91678231759140905,0.22726911475782022,-2.5670704534598521,0.10306657660556029,-0.27040689799416839,-1.0053657675975589,-0.32406602914030214,-0.59740180517974251
427,0.27452121941282254,-1.6455023205288306,-0.70789528429835014,-1.9791063273967597,-0.85375023011797646,-0.43262956158607974,-0.56951285699417509,1.7750831189902889,-1.3143743718903957,0.23839592997001832
428,-0.79094292755806628,-0.097945313913173987,-0.52241337864560389,1.1422486137854289,-1.3647260693239371,1.3004650448659754,0.65544965994196791,1.528270362000695,1.5334952854051636,0.14278580207773736
429,1.0581206904522644,0.5181439977148169,-0.16229644326084272,1.0313004853983059,1.1963438053262911,-0.8269972771970151,1.8611391406516165,-0.57686921907261446,1.3733272302480395,-0.75825390011182281
430,-2.4104997746085681,-0.35014608408413966,-0.0037902226019564944,0.38395340325377847,0.61461184307596939,0.78533053649432982,0.051798419815168792,-0.61093092109736891,0.53645969110447567,-0.20992016448206918
431,0.41066975255602173,1.6879327290209925,-0.60485124878482099,0.51280865717006863,0.41173653802834081,0.29311045403910324,1.0631949966191581,0.24255614756608129,-2.9159584983802134,1.9726558227447262
432,0.38766382473269323,-0.069018249227999401,-0.4618800797341816,-0.86289193786341634,0.86413290358935013,0.065726029233626776,-1.7992189098065765,-2.7581998772925194,0.0063449801967212878,0.10684903765272352
433,0.51909642600291628,-0.030834657749576253,1.5058079355422402,-1.3849163072984492,1.3489240149830555,1.5464250695973127,2.0828613568841239,1.39320155576355,-1.1623150582984445,2.346814286346032
434,0.49234445637715041,1.4155410952494722,0.41626052643757588,-0.6195096870243334,-0.83073867971066795,-0.18097642138931228,-0.22976048666487153,1.1328737969163245,-1.6924172043615389,-2.5257207941541866
435,-1.140542442514674,0.39260609852890455,0.11775688675160431,0.57987945326657964,0.25304602814054589,1.7067263874879131,0.021041042710540567,-1.0166126932381574,-1.5791802198561591,-0.32948334407834612
436,-0.64508082015246737,1.4091726172343271,-0.081895313418789348,-1.3627284687994239,0.77389922872968531,-1.0863959212812251,1.4337330064671581,0.27718525504889191,-0.3363902567611895,0.45424817179621774
437,0.36333717746588567,0.8643604648312414,0.063974679075804397,-1.1263330405469141,-0.31119343092485852,-0.33158320439653866,-0.33203784693820154,-0.1029390505534158,-0.93369025653309634,-0.38622005509061696
438,-0.78743390277629099,0.67601734504835642,0.059473602810803855,-1.6455446584422027,-1.7579547204786252,0.66103825026753771,1.4451500237575332,-0.033502584083817143,1.8611092845266168,1.6193864921189636
439,-1.3945969121573394,-0.95711480062433274,-0.44367370429679043,0.96992975547266858,-0.80511205398770447,1.5759783920043942,-0.43124094679422598,0.67595687103986346,-1.6109962605011545,-0.57859318940576965
440,0.62767716717341315,0.1935774871332879,-0.7213490623872254,-1.1196256995044849,1.1122637868401093,-2.3890339085754606,-0.24900831890898681,1.6242574993214449,0.83695695785596225,1.8134378176475336
441,-1.3835448698479351,-0.012760151027492112,0.72913072204623386,0.93718912913031849,0.18815787726863173,0.15480416026760868,-0.78546456963249756,1.1657890908588502,0.39671439143802933,-0.51537429065087359
442,-0.72126460510901247,-0.95686723617091984,-1.4687613593090532,-1.0324845010247288,-0.92313843305160803,1.026092988494983,-1.0080577320073276,1.2894182667106957,1.7434378502023173,-1.1376539295987715
443,1.0612612212311381,0.75745166378472306,0.053735243118091879,0.38458102337094713,1.4768334382235855,1.7523396714188988,1.0770295580202953,2.2977506938383701,-0.70221351887022188,0.94054978166958403
444,-0.77865483855275952,1.3456183783996705,1.6511169826133649,0.33621036081714489,0.93394554015901821,0.03738769504640152,-0.70356174862740983,0.97458237035824813,-0.090154130769054666,-0.17372051521979093
445,-0.70310387488102544,-0.73130242730072303,-0.65433246250650701,2.0011133623404196,-0.90019589906448716,1.2741334863518006,-0.60170948513637512,-1.2581461184209441,0.56967905962895637,0.57798482423964315
446,-0.17117501940797988,0.59790566666226874,0.37576979807011474,-0.77312364927556887,0.56304723421544833,-1.2832086852148852,1.1059089219649463,0.82985651407829319,-0.24531825666012461,0.58835175750908908
447,1.8287213861869809,-0.8620261200803061,-1.6878211309084206,-0.68050959840653669,-0.4781748398992231,0.91973665384679093,-1.8085445100351127,-0.81633615298491491,1.9689060558707352,-1.6563499245951914
448,-0.45628189916616879,0.65079956953737472,-0.093563036099645627,1.5422724712897407,0.69138457290528743,-0.77882454812491375,0.42881456486999131,0.14554005287596453,-1.0626450152833613,-0.61352938629358977
449,-0.61573868671525578,1.0772710938806043,-0.78057465294629602,-0.59285004355423288,0.26254512644204142,-1.2703285304812717,-0.16697094441485272,0.23726993475258298,-0.4951519481867851,-0.39091677102037981
450,2.0926522952676225,0.15971966918261038,0.65707076276124377,-0.39693690549133193,-0.22944077243549604,0.14062429179281999,-0.27928202333692198,0.79131237002277754,-0.28062545303791103,-0.87148553128597062
451,1.50370064637052,-0.41353677663090355,-0.39008377534946415,-1.0512976957181595,-1.2125259533334627,-1.3725947461726229,-0.36159905579153251,-0.74763788582220991,-0.380119623306717,-0.17364923924263514
452,-0.01635712448266171,1.3342077580095637,-0.070526675890623822,0.79804884190730829,1.1408831022062178,-0.40626847908170727,0.55149647755087539,0.054943642221626725,0.66867021829004347,0.60583787382612297
453,0.87462128140826534,0.56444405358253802,-1.8343240648783008,-1.7552271388222518,-0.83061349395733519,-0.12769479114336627,0.26401178640617617,-1.0653026189067174,-0.49905846852435742,1.264434922870193
454,0.26234532588312864,-1.593536969269318,-1.2887280175024252,-1.5048087622480133,-0.30746791987366451,0.0024306079654261206,-1.2975756401576273,1.9532935046161921,0.6682404436504138,1.1771367116548319
455,-0.69847746793123067,0.31883085405489336,-0.21463076878017578,1.1650647546677741,0.55896404711021375,-1.2549659033612284,1.8928769585861382,-0.94197996275268769,0.89310452526345319,0.4194272436914781
456,-0.22230392723072245,0.90927916662691932,0.79341261776692862,0.6418944160392136,-0.34620220606494401,-0.15736898205020294,0.48328016479272479,-0.11847638821624024,1.0766717390518414,0.23426191197025395
457,-1.2557469750428254,-1.560756882161507,0.0095073832184896043,-0.46955255550951364,0.47581105078664659,-1.0390956430949068,1.0194522561185424,-1.0660713795257455,0.41249370072999225,0.16034894850233081
458,1.5789274327490144,-1.3042061772927185,1.1536898723810916,1.1433941639846465,-0.48938035017492265,0.51595197325344755,0.13702657462998127,1.513184169541486,-0.25216309477966364,0.39595226492714591
459,0.54135941937230214,1.2305993113877489,0.27846763602052271,-0.58252191842028656,-0.64161636351358631,-0.10494430301458385,-0.65219087431969058,0.25484699508440967,0.62766634567409707,-0.64212946184688824
460,-1.8059995676596596,0.42812825743065858,0.52268146922036629,-0.11722083898152384,-1.1908575209499384,-1.2902601731120391,0.12768600785631407,0.053750435724103159,0.41868098866642206,1.1241549392831471
461,0.61338456154436827,1.191733895649719,-1.1503853678513178,-1.0576645505084816,0.33555696370503124,-1.5303437372925983,0.033395167494298258,-2.0532843338175661,-1.2518889077270789,3.0030334404210928
462,0.23448452535215847,-2.1060963672501387,-1.5042964642563552,0.30861182533467751,-0.28071284607069574,-1.6811517316363345,0.84541115665486533,0.52443006423273131,0.17224308357022039,0.23199463015884497
463,-0.14648004420451316,-0.41040656350273191,0.79166074366246475,1.9021486519628035,1.4762077520553092,1.2845147068807867,-0.67948157129540565,0.14581920443905333,0.89707519680143144,1.7839994324465429
464,0.053478635417431468,-0.39882035686056172,-1.2211811705064375,0.95342080443852517,0.31342070088607499,-1.6409806064542884,0.32603806448966349,-0.58314415776044493,-1.2029839243580487,-0.53611375293594565
465,0.059665142057076022,0.78722513349416767,-2.4728857878091772,-0.7710472346216215,0.49496954086803108,0.97226791887944042,-1.1530628091404505,0.35640118908527474,1.9126484537759652,0.29855358172392121
466,-0.56415453121164516,0.10703476265988932,-0.86676718163875277,0.91157923631282345,1.3442048266573177,-1.0936155967814547,0.66610871772813407,-1.9650624431802588,0.18159249703901667,-0.50697193200346835
467,-0.68949833189434706,-0.2813343912187557,0.089138148919718621,-0.48697559990109451,0.60505695032707318,0.75512062773134059,-0.069322601193267774,1.5629211349379142,-0.097611584430969706,0.49053024447485416
468,1.5495196760622187,0.57261801356074982,-0.27788659239078295,-0.44029111989681075,2.8677787903732783,0.1237422109824544,0.90280615247078022,-2.5039675025893922,-0.38320641966697838,-1.4682360428945653
469,0.57097946243738218,-0.96943403263279115,1.2164707222700577,1.746339334094686,-2.147812609661639,-1.5119663087638691,1.2913924229026768,-0.12846715278403109,-0.43462611979875898,0.40645154854581983
470,-1.0264276055937236,0.32183411665453759,0.10161206453617871,-0.2877604692387401,-0.88146802088139597,-0.38241919411204806,-0.38708523045513682,-0.32233505111639732,0.91674095579585735,0.7579895540359084
471,-0.33278285324655099,0.16667306524222178,0.38343720283828309,0.54394852762527934,-1.270933731416465,-1.1309583670851049,-0.14428714365195847,-1.3388592022254175,-1.9682760944142184,0.81165977593312921
472,1.6797710001166002,-0.041947159508843958,-0.44703359364449402,-1.5443953977472789,-1.1739050782434022,1.3327841171566472,0.59344798941385579,-0.22487631937015132,0.12532343376047336,0.26107639773026242
473,-1.3566385810686841,0.93828897192544825,-0.55936921227859726,-0.19681961503943513,0.56953014227247778,2.1204472465555524,0.26933866196920764,1.0382487521128889,-0.21620776318674539,-0.29976866435026978
474,-0.34394710378223819,-0.85626871846912733,-0.099412162926851302,0.56260928477282468,1.1420991767591819,1.1837026677135345,-1.29395329543936,1.4204337794876998,-1.5727330159454143,0.10232364083087667
475,0.83366672484395199,-0.40527708000559676,2.0506439407875594,-0.92229410774480092,0.31409157186879411,1.1845094681440662,0.0825266372861959,-1.0995875215867721,-0.34750727956162947,1.7037139234880436
476,-0.82909109027894645,0.61924297365825154,0.52262127205196096,0.50573804322049787,0.82670778205567952,-1.2602559114027645,0.98022410924879155,-0.11318947681911525,-0.014589664938189365,1.0455525564390697
477,1.9914996393731417,-0.27356664911807355,1.6190096667336815,0.010154061260310692,-0.87844841786602279,-0.87358302593019699,-0.88244902776819867,-0.24583591178006053,1.0550639209335322,-0.73899293302123881
478,2.4055895112537455,-0.095298608323290485,-1.3606333006422637,0.89788546551140036,0.28800599927540571,-1.7843825265510829,-0.82646411205131498,1.5039607290808648,0.99291545209119036,-0.76847927186830423
479,-1.0979110801748937,-1.9476109908792882,1.3609498334764618,0.80161236476577902,-1.2485291743182687,-1.7160560031112599,-1.4435054526694162,0.070119975495955944,0.40387778282361581,-1.0074048990562048
480,1.2028406701207381,0.61599517834346806,1.587601008049873,-0.25679293766858285,-0.58545024512895461,0.33564561273333687,0.44323736142105358,-0.32878961442124183,1.3810206484245935,3.0560489670252053
481,2.0408514584379129,0.77750666820919412,-0.75659534313924892,3.3354978118235206,0.65691584790741198,0.03485194073637931,1.592921713367869,-2.036333440899555,-1.98681608023011,0.16021865861116641
482,1.2530726316396188,-0.38100234818322426,0.17970079136023706,2.2201562565854291,-0.14414230958631641,0.23380924907441511,0.15288226134303354,0.41773329480120869,0.87907072125135333,0.21871633602598828
483,0.086445119770227508,-1.325354270814904,1.7889076965985282,0.088878001372889745,0.048656140721419799,1.080988146286449,-1.6784643409696587,-0.25351932712028785,-0.19697671854282861,0.08017383794239849
484,-0.45584644961984794,0.012062983222479009,-0.33091440405418365,-0.1965676726953752,0.43078981640918901,-0.64301644420642434,0.73729504544880708,-2.1059736415225032,-1.0811936326888396,-1.2120010929902005
485,-0.33907363069829144,0.40299500136378552,1.3964755611582746,-0.48234963000752046,1.421768994098038,0.0063851038752320627,-0.44884079807723953,-0.25403209890007228,0.66012475709604224,1.2109655614139716
486,0.97234381670813241,-0.31491725361678458,-0.44239445275995687,-0.40248630615603781,0.59357127112124641,0.2138949917093716,-0.58610680716577235,0.8364548959717788,-0.57087787628423825,-2.1214371367007434
487,-1.4231379037076706,-1.0254166478560163,-0.098558639674946824,-0.21705081909794011,0.21760466888433416,-0.37325468398133249,-2.3913884034726727,0.84057802743689392,-1.3743417532067588,-0.14664904945183219
488,-0.59052673093668462,-0.99629966247933333,-0.70303320361398625,-0.19648829831170694,0.3321766493079068,-0.023609507804951132,1.4123493868031758,-1.4712903866473825,-0.014776608246046688,-0.29608426132618093
489,-0.6352944090681113,-0.69161656687671269,1.6931275633632736,0.51499997224470695,-0.7716418669814098,-0.24604993505896922,-1.8643051655730325,-0.14100895729712185,0.42495941227376316,-0.7969549757427753
490,-1.7885967876268509,0.61826325837433727,2.3538662799088081,0.44230205969782949,-0.23245605764832897,0.75648986305495924,0.90822873847835128,0.91228031301532853,0.41179906500832636,-0.094083611393382546
491,-1.1069450643426617,2.178300321645557,-0.23255745440196057,-0.37988354338028324,1.4136581833896105,0.27579857405999686,0.077548630685504785,1.7728272718647597,0.9761693740472942,1.1426903069175793
492,1.3093150102153472,-0.27792708680036776,0.3543271875851246,0.14248310292785171,-1.1507664312684989,-1.7528999191471815,1.0265418731490654,0.59945019961886425,-0.5159230499136046,0.24504781300461426
493,0.90146719927247332,1.1800244109695945,-0.34025111847973483,-0.18758429032549925,0.19342981110015517,0.094938385825603946,-0.18156353541286768,-0.78926699196573658,1.0069776321966382,0.0013939907448265068
494,0.88953121300035143,-0.76632085442618558,0.62564271317221876,1.968292655226608,-2.3363101066149343,1.8935436370328058,0.35417946987645871,-1.6895242972375606,-0.39902821605411243,-0.3006964035108412
495,0.84300067572047443,0.56953826057692369,1.1070243073551445,-1.0226943998563174,0.15579457761693022,-0.67180056815820088,-0.23719781589623554,0.074586207048109129,-0.92108082379821554,-1.1800086377752601
496,-1.0110550716833797,0.24713796501137997,-0.63386286127187685,-0.63875231169112612,0.33800987311770514,0.211631054904033,-0.83410427889393257,-1.2405396910645263,2.0670610514074639,-0.58307195665085743
497,-0.18766176932052675,0.59799618160946455,0.069046532449446252,-0.46495373826483621,-0.51556683214270171,-0.76727669844746715,-0.84795612669302345,-1.0866365976956909,-0.84487160638351244,-1.1684364361914559
498,-0.56925792630645367,-0.023987522591497942,1.9256936122653776,1.7825481513525212,-0.34474726038599574,-0.093773563588496089,-1.3000421152925807,-0.21821769309473826,-1.4773394346621316,2.2159461241877221
499,0.46989532106549353,-0.90440314991043824,-1.556859257615941,-0.61525173581995141,-1.2571021639347568,0.81981971643391482,-0.28337699754451151,0.15628540372712998,-0.53194895059911851,0.24587590574662405
500,-1.6207263625928818,-1.3135125311531783,-0.040952866860974081,0.36398963984826671,0.065487567811382888,0.58368789940509158,-0.058801122645449351,0.10129609078265332,0.5445107346882212,0.74363751706779069
501,1.2800810665301945,-0.69372889718209674,-1.211176832732441,0.94228446776548769,-1.9261629633771238,0.7081630472468009,-1.7417717606289513,1.3746047175433884,-1.1065329330950033,-0.76863481460348204
502,1.1099948729852915,-0.24805779079608245,0.41513568934311101,-0.30681752443288968,-0.1596598896003858,-0.83581897240840142,-0.29495736212070045,2.1434672976937694,2.0734278054383206,0.11480389563809221
503,1.0150420156308091,0.76024879274470047,-0.80690734467033465,1.1680192950176056,2.1237200838213126,2.9686176625055842,-0.014438013233322253,0.36634513025608723,0.4248924938430142,-0.65744981399553937
504,0.76344246162003704,-0.59189013378809308,-0.85877774453080147,0.4427626927830931,-0.74237728257132107,1.0843955174979889,0.46845916096719964,-2.0061832732149609,-0.48085917472874218,-1.1295298090096622
505,-1.6382971677011662,-1.2509018662356084,0.31930566415035516,-0.17210227894969968,0.72028045089022774,1.1032235792781713,1.6429011834413847,-1.3218175768102163,-0.07723018620333294,1.7704053262641259
506,-0.27637071201042379,-0.38472964839718288,1.3350159028533712,0.055586672025835768,-0.53782812434459215,0.025047711325888792,-1.2265897205924554,0.55029200419193014,-0.86077163531106438,-0.36860791316007185
507,-0.70322428914468704,-0.61389705619947299,0.53968685240136693,-0.72783165032041575,0.19116934948796646,-2.1260583257214094,-0.51269405931248579,0.74234125642400894,-1.5562650721559708,1.2327985446536416
508,-1.1939655571828822,0.67375587170087636,0.56396797905048324,0.72297981671475819,-0.26102526200725523,2.2633117118862187,-0.59565825072351353,-0.65095369088118149,-1.1482164685830278,-0.65647542720723884
509,0.17167788298677675,-0.059686728398547696,0.43008381692682918,-1.0998110010945588,0.17292959966638255,-1.0457868493168285,0.3335722650784273,-0.0013706165854779691,-0.37532904330066047,-1.2888275850609383
510,-0.13149311660542173,-0.14656640099368823,1.07030272073692,-1.5247697158765863,-0.2670092085878818,-1.7087645845579835,-1.537006561432761,0.36605780328898302,0.34896088604505066,0.48278168463480903
511,-2.6633076483837765,-0.52931502068205005,1.0889474292222507,1.0055910993641224,-0.8812754443296007,0.65960396983704617,0.17972648255321394,-0.84586345281127195,1.2376561669619965,-0.40471608924976993
512,-0.50491879560066599,2.1551680743317672,0.19325832581079458,-2.1379072599758757,-0.90621442872757452,-0.15267800501297149,-0.91519684302352733,-1.0566925477518136,-0.684127823965615,0.089320978626900707
513,0.020399549219632326,-1.0868424556658896,-0.62334995847932428,0.68012643108203297,-1.9087295402909228,-0.14709665673219596,1.068711302337696,0.87518635824295876,0.28013026942657454,0.32086695600080395
514,0.29418652514040244,-0.0040931498664270038,0.97258886578042736,-0.51239758281292147,0.78496818700688265,0.37424954343090877,-0.55999095659328124,-0.21259357420244074,-1.2156430607786173,0.80132306121247365
515,0.71773667413598941,-0.60871572336468349,0.10017852700761189,1.5747143374492192,-0.23789470596300871,0.40775233355318752,-0.56355935372717936,0.62389491696115451,-0.80930403420279251,0.84922724887339651
516,-0.25039727221393066,-1.2401589249251612,-0.25427339434166513,0.97681076844182491,-1.1412399575511023,0.428162298158482,0.43886442333359954,0.57636787623463959,0.73513872687094872,1.4972210613755919
517,-0.42369745335925513,0.021473698434333957,-0.45284703746736926,0.42123119881280974,-0.59079370868731951,0.56025546891888534,0.56887848779376449,-0.099299254848250335,1.3699360955934909,0.99931793999115637
518,-0.0032249086886597072,0.39738766406942533,0.2956392717987818,-1.8819552884207917,1.8787241859022628,0.19547869470210941,1.1140701751086444,-1.2116522418068514,-0.61236293049142509,0.55641454274662983
519,0.49774151850617171,-0.51404777640850552,-1.0033168735012021,-2.4845386964894809,-1.7653162821708899,-0.44995347839416611,1.3609860026728207,0.48989427505008792,0.9585533434305562,0.48448440125656467
520,-0.58293383364695572,0.20213817292335184,-0.3099329414330248,-0.38937821098228131,0.37819132954682599,0.56673074051059558,-0.505143719990367,-0.12759055648707504,-0.56643669340869696,-0.6506226563408174
521,0.26965603442194286,-0.40345657606171637,-1.3335214878764536,-0.068979021180284344,0.49792141758365255,-0.38233178630977072,-0.11802314899626386,-0.64085826909739663,0.30942653709427359,0.55020976809563493
522,1.3199797491086207,1.5092380422170946,0.44606881414438265,0.39643477361027835,-2.1440268785429453,1.3600338658746995,0.74014358223992682,0.35004016292380491,0.051985862286112315,-0.72928870996587636
523,0.59788473174543766,-0.50740670670433319,-0.78466441079423399,0.23157104236492115,0.9662682701387989,-1.5853246007457991,-0.44706937543175529,0.50500314446776307,1.7529063890703118,0.93987220010604078
524,0.50347518947946757,-0.51892474146506051,1.2634540900975784,-2.9161341191008159,-0.077988897419567382,-1.3900776107254407,0.77926027576859591,0.019820305994334136,0.47977685295534395,-0.60791542813307731
525,0.32996921434688797,-0.54700225778721823,-0.18328070514444783,-0.20691577242873829,-0.036263785581892027,1.2772397561501976,0.68176071755055234,0.69794057190485947,-0.18512765128081296,0.39904410243362565
526,1.0496045329254715,-1.1672043005280237,1.7466369475514325,1.1066690939261576,2.137535591211801,-0.14734887349431688,0.64699569243237887,0.33356579170516654,-0.56190626101542629,0.23093132745412118
527,0.68956748086700026,-0.2293358147328956,0.98238291265262101,0.73002977663430668,0.27361823521590029,-1.5598345701096836,0.73269255374893139,-0.70041400684946631,-0.49784430165168153,1.1605575464793658
528,0.41343630731007991,2.2626275282447628,0.16844376143655571,0.57696909889064396,-0.73423798019149078,-0.80805128279931737,0.1910157141103358,0.45118916318476904,-0.97971520574391213,-1.0582169240386241
529,-0.50784726135153568,-1.7664322816807763,-0.93184071517175182,1.0832941043895765,0.1658843734845977,0.88994820900702132,-0.33298878244361446,-0.46264394076519583,-0.66164771489459362,-0.97968971846939512
530,1.5355880598637259,-0.15382422565434531,0.4499702717954252,0.29516644233133515,-1.9622573730127917,-0.23679165178204323,-1.7740847962686166,-0.044274747713482887,0.16571100983513354,1.3445837435879351
531,-0.55263758725297074,-0.48484236595902791,-0.38415064463489634,0.29741751288225088,-0.4023964730468364,-1.1598798589883517,-0.082572041542790534,0.030286426675693649,-0.0056086567107783277,-0.24218572536852639
532,0.18609755246852944,-0.40580655269214372,-1.7708424523997459,0.14537016457957999,-0.34241012055640513,-1.8060122427922503,-0.34286401883154921,0.38998881760350868,-0.10913471421455685,1.7867122171933849
533,-0.19090918992809747,0.021407714668427811,0.075997669777310317,-0.82048964771669419,-0.66333750884089526,-0.31124337276579356,1.4247666394520844,-0.54925036333548716,1.3127376559232968,0.48168263189076616
534,0.84938611805887743,0.24691623139792568,-0.033846146955568368,1.1302739684839027,-1.5766039654902275,1.7298912343795589,0.23788186691293323,0.49371887752017329,0.08750097044231539,0.90176242373285287
535,0.87731539146840265,-0.023608656960864664,1.0728638496957443,-0.38957362586830296,-0.7635887590588285,1.1162662772351628,-0.95978647737445422,0.14100918449548078,0.96915415937522009,-0.42108924521979157
536,0.46477687140321605,-0.67269472680975151,1.2175560933881404,-0.25435239590683878,1.6877881949624076,-0.93027662264436295,0.41043902509017155,0.062417602651669034,-3.4639288315341723,0.12096231281160261
537,0.98706897271879013,0.44946891902722125,-1.3182597829629392,-1.2407688572472748,-1.3102963538259544,-0.045914091867457631,-0.98589269092021414,-0.66484823291774631,-0.8258213565936271,0.77659552169174517
538,1.4577820620581496,0.3802451581161998,-0.2116176671350922,0.13660084593519545,-1.4385446970723408,-1.2810277971157695,-1.0336111517104063,-0.026734592728879566,-0.27728147052766183,-1.2357786088776914
539,-1.3962786627784498,-0.5714265616054468,-0.34903837048611502,-1.0638771751954617,1.859819840927633,-1.2111192884620783,1.2975867529472056,-1.138397476991438,0.59479123645244436,-0.18194930578558033
540,-0.16067248228057301,-0.08011451418401648,0.23913896279388902,-0.82155902262017921,-1.200916657576933,-1.7383852542234177,1.4273480258657925,0.51500027578165386,1.0841794313202096,-0.13645719886408522
541,-0.13923942075828008,-0.47491176995007367,-0.14816312722852365,-1.1500528822924987,-0.29555836428454313,-0.18926886131284798,-1.3203010003213649,0.47563864064939093,1.1505484090740643,0.86069556830315075
542,0.46640246730807439,-1.2001634658059273,0.89068848000474954,0.71859404196389554,1.2334099234905538,0.22438758427843175,0.34236043935481592,0.51808664549137418,-0.64728393980198118,-0.34903471915297468
543,0.53740738059609816,1.2927469560527904,0.33381451400050977,-0.57724314380234043,0.57292081640661019,0.95750805693591501,0.83538688022979324,0.58076596095641397,0.4217519322644423,-0.70183316594448586
544,-0.74670027606978506,1.5193877578747539,0.44026268426619669,0.65097651082087271,1.8923474425067304,-1.8070935671615,-0.23523416000093603,-0.06606208766645251,1.7130413786381791,-0.62118393071960532
545,1.0102419740143025,0.43813152783695913,-1.2473513324543508,-1.3819747059303586,-0.44278541526113008,-1.0409440867857718,-2.5568649196672997,0.27813394168556493,0.23509437228260271,1.5328792239377178
546,-0.4646523974237558,-0.96253128412710276,0.26859580817276724,-0.95016479981596247,0.65251606061924528,-0.82497088482106717,-1.23678146444632,0.16287384534553337,0.58739226201627426,0.35729303143856794
547,0.049692753806711884,0.60751854515714288,-0.54937312804883254,-0.82570502124883127,-1.6087026089701379,-0.10844710400591315,0.83835006698835468,0.98064370575918891,0.05140684047141305,-0.45703006896289938
548,-0.11848020243838758,1.1523861516978251,-0.64535785261460021,0.10273253719626493,1.0048070242674361,0.22032251304073916,-0.68832874643308584,-0.75256516638113546,0.53381674191512152,-0.90572680815702522
549,0.93856182005772459,0.62246533115323277,-0.047235357129841067,0.66254812561359511,1.2332708019722698,0.61764010788900103,-1.0463216644470665,0.94640817189891757,-2.1938362168222696,1.0290348239437888
550,1.0727407691246151,-0.68196679747988664,0.5128747728894183,0.27643448381604585,1.3198337584467126,-0.35290813461486908,-0.51666357954746267,0.53927967583760728,0.16449540516152766,1.9519277549033744
551,0.91621247936691252,1.5130624751628208,1.3265120437267199,1.0464392796627247,0.4914969599474675,0.41253608772041406,0.60962187610096508,-0.97949402224580207,-0.50527621537157374,0.35348009331076108
552,-0.98150519160482141,0.95603009047325838,2.0775224018081331,1.0105864963146189,0.90665227072962784,1.3882115697125768,-0.94693715831656111,-0.24741395811280492,-0.21044674908320954,-0.092819404554776566
553,-0.66784234260409148,-0.14770053323310336,-0.097707134205017143,-1.3263309372978052,0.27523739433964156,-0.82198953722523593,-0.10563157618494592,-0.95089581630906395,0.48160926596217873,2.5123128671679766
554,1.3928375828765258,0.34339666002866531,1.2182159876830634,-1.1325897058126946,-0.082937314978813861,0.58926244939633077,1.0672449894358196,0.3611344939043416,0.51563111201759759,0.45630846568194955
555,-0.67797391986279043,-0.97930255698299717,0.79424617076237525,2.4923286261706199,-0.73810806662519646,-0.030106949311260924,0.89861398280508009,1.0756050953864453,-0.5629830581160431,2.0025005234987745
556,-0.079118361388217914,0.3226475806127006,-2.640961707614625,0.39232056802629811,-0.14915022773662109,-1.3768584477427888,-0.53953284271955892,0.28734601626083278,-1.4074507474270985,-0.41945960883731698
557,-0.07576335263523834,-0.63324658250460364,-0.44196206251808612,-0.24051111868706285,2.8365097917529707,0.35892567580722695,-0.049661754131554756,0.6601453245746004,0.095137862497569697,-0.74361068885497328
558,-0.55851429650658779,0.58800214623685287,0.62618616420345796,0.093956616922660871,1.615990286267726,-1.5343983476866516,-1.3114252253631011,-1.0723423130866239,0.76415975225501842,-0.6584743133748201
559,-0.53527897113752354,0.022712160310258109,0.77704881983887675,2.2086934055380181,-1.0870465694445872,-1.0941003493047607,-0.20058808614578594,-0.82466308181955683,0.23129070912555488,0.6779944807662176
560,0.26667134362590711,-1.2412261547441916,-4.0842675010116443,-0.36390113534448965,-0.012130158746045202,-1.880800953416975,0.10105369032397288,-0.03165562835168468,0.34465837733693777,-1.2267755034836583
561,0.30652092674536019,0.98523550479269439,0.23703596472251473,1.4412260145706435,-2.3353997060649392,-1.0517428812065643,0.51911425089712304,1.0712152783856363,0.49056067444974932,-0.49518209294524435
562,-1.7666890773481492,-1.2179606027288405,-1.2656541629812441,1.9862104260846816,0.40246819867670619,-1.2963154527344301,-1.5709614279305497,-0.59416161532767642,-1.5919737519382793,-2.640543723023784
563,0.74381518274938085,0.16961369148572014,-1.7054992306095818,-0.94173513378681317,-1.9493231529558774,1.8792238378069059,1.1462643599690456,-0.48384919165972401,-1.128125641652707,-0.50701533714728686
564,-0.42532306070157744,0.21722066531994483,-0.38761460210486498,-0.638803107632686,-0.87462259337042247,-1.266702114976219,-0.051213300077055442,-0.065383949866542931,0.10859833994180215,-0.25748121969780863
565,-0.38443676026981582,1.0376607777194129,0.39703518291338535,-0.71211035871956185,1.2099711154315327,1.6707657677138246,1.2221049633284899,0.87317351105990704,0.80712102305948408,-0.33936300796450675
566,0.0064766913649097696,0.14428709036591456,-0.18666909848826002,0.43445821332409612,0.82076832307307501,-1.2801624124661344,-0.32317997628021078,0.89827800251688306,0.57626574063550207,-1.836392595219539
567,0.64762857054240641,-0.82389989393434249,-0.57983349793927597,0.32460493933865742,0.1579864883441898,-0.96930720540187243,-1.2673836490350439,-0.70475830356345492,-1.4521979534981133,0.37204855618420501
568,-0.13449389655563862,1.196361166138014,-0.19759037148324871,1.2025748233591314,0.91902470388465296,-0.15496632428774396,0.60904017128257992,0.1308587526702788,0.58520757957473424,0.73152781091533325
569,0.55506620986706401,-1.2553054377563881,-0.52745371692528853,-0.54884343329218899,-1.7956837549884528,1.6879295045275438,0.11294232193164543,0.65803954789346641,0.71775315580741594,-1.6418620222572879
570,-0.50439407748273546,0.59721588140762227,0.63647282732224708,0.6569957820711223,0.048604378642106531,1.2277297303850447,-1.3093453739103444,2.2088913869760374,0.8937034796183102,0.43615000007102894
571,-0.45003624541643261,-1.3429420082045675,-0.15022446517819846,0.8969929696329253,1.9423379565399299,-0.76570714387377325,0.049790065426309711,-1.7873607407875745,-1.6400379805766292,-0.52633237626709251
572,-0.39247521209955105,-0.99952557829846023,-0.49117520016987531,-1.5179414206088144,0.57921133653267876,-0.946118406723364,0.47593933806813948,-1.4961240341197588,-0.041217217396004861,-0.1373161920654791
573,0.2313157019556126,-2.0163056475983945,0.21825723205909417,0.35439331988422462,0.009449614851936787,-0.054566590924727904,0.39080343953282526,0.0011598638504876433,1.1481084467215079,-0.56183673864740269
574,-2.2347462602426962,0.59878443177015639,0.27491171078463361,-1.0035942115395529,-0.049255602700969896,-0.90324878986115253,-2.2697545381331583,-0.17097209176328496,0.81512357732549867,0.4080564723650823
575,-0.44200094708520887,-0.71401567325016757,-0.48458820120883328,0.064548558547285195,0.0019303353349542911,-1.1034675275091876,0.74347558686285709,-0.3898959198969057,0.81366675545916944,0.46443495176795935
576,-0.34642663117138683,1.1843388188628163,-0.047042890234005923,-1.1187423925884317,-1.3431836531481243,-1.5198378767302214,0.030095205734942398,0.19908833065588913,-1.1057755183635511,-0.58106827768963709
577,0.6347688688944273,-0.48625971112474836,-1.4215630851535377,-1.2775327911355043,-0.9652275392856986,-0.29853388080808485,-0.11977900378894507,-0.28068718985928764,-0.61023238303821326,1.662368886298796
578,1.0845783068247132,0.12035889202341409,-0.85148738884004604,-0.48670067524776983,-0.76666004358130879,0.53590756066060719,1.5046034389996541,0.48079213688711653,1.2856960173079395,-0.34049417035397084
579,-0.91014623160020491,0.067961331246515835,0.28870803417136215,-1.03082794672158,-0.86415834230879962,0.33252148319080688,0.31742604760860754,-1.313133259103058,-1.1503454830996127,2.4891345305095069
580,1.4796343275912784,-2.2448617558795112,0.53853332237757723,-0.50128572312212472,0.70022969270186408,0.67626196875481015,-0.25649691340949049,2.5280141585435985,-0.99510049096349951,0.22360474907321384
581,1.4076910950290074,-0.88551480505404712,1.5321571372773606,-0.17527330262764662,1.1504200842135552,0.68720148979389517,-2.0737618599877039,-0.19297764606767526,0.79247421677088725,-0.73506318494447176
582,-1.472603902294535,-0.67150572603455549,-1.3447197186705429,-1.0578006238330808,0.17014149263615722,-0.042755395293156036,-0.87680073067906183,-0.16836300549973382,0.94221729375465657,0.02742045252087863
583,1.0946787361225316,-1.6009739633164914,1.6559979483370508,-0.8779329116256378,0.52072838066744731,-0.35439195265884393,1.1225594198025006,0.68778974065212828,-1.2387244484146875,-1.800128828936711
584,0.24980300879526518,-0.24188121128552595,1.1245238403764863,0.25658797358885249,0.069639146158891593,-0.48048225593323551,-0.23604749025814245,0.081412020183703804,0.6859881515880657,-0.016952147671240318
585,0.50342996333428203,-0.15170902795858132,1.1262349754501821,0.34642878386248654,-1.1770772679317023,0.12745550157224947,0.58731575735782604,0.83716117556900238,1.2853378640671582,-2.08041309649012
586,0.81125764744550899,-0.0091226212389849196,1.0503336681048041,0.20638699272957844,0.68049919054839436,0.35717258320043194,-1.5910259964401132,-0.89393717722869837,0.29960120061372031,1.968127100666714
587,-0.43185552885276268,-0.84409781536991768,0.89658344542521118,0.4805470728755894,2.2044003771178571,0.97076603194483535,-1.1714870046486638,0.26763307440418316,1.3551799283771495,0.78089453402202869
588,-0.56911914195756874,-0.10746343625682982,-1.0478829202932978,1.5108334872511477,-1.5092600257507589,-0.1449565835148024,-0.96476836944940203,-1.3117727355235203,-1.5478772198366184,-0.40163199725249576
589,-0.90409500096354056,-2.0490528084507833,-1.2857394414292558,0.077542056682165031,-0.37239963733502834,0.81959579365425073,0.14486444838988236,-1.2461697355358357,0.40686115950574681,-0.030558524812505934
590,-0.81802145322595421,0.58329368953635574,0.066638358591467356,-0.087723029339142139,0.99364027466662419,-0.83055713588844315,-0.17903548954820939,0.83176330194312653,0.48050616561685766,0.46919877136321025
591,1.0471516165569426,0.17238086638746022,-0.29268119946123683,-0.26977801153684189,-2.3119027312521059,0.38367542457749204,-1.9968010035129926,0.29278918738711729,0.93047032308712463,-0.66807025141345322
592,2.3016021127480819,-0.16438318902598048,-0.75910388430323961,0.89467609569260087,0.36581059738309191,0.55625165459087156,1.4810475796449531,1.4862102791964009,-1.5557410031023691,0.53361901806992207
593,0.45461363080717893,0.82609837061055724,-0.38481317029699302,0.39498269068766867,-0.0087780209799718685,-1.5821650472684394,-1.5303058694941272,-1.045265012493132,0.28385909447951957,0.92368386585198758
594,0.080723249777632441,0.85481355029170869,-0.30397740020489922,-0.41706979589975812,-2.1012961929496861,-0.74559314579760894,0.6554233119809697,-1.6817856550691284,-0.55824566006595944,0.16187844453009578
595,-0.67779759519144656,-0.78881976378341367,-0.15167761998719617,1.4113883154470301,0.30344177189858945,-0.553103324894336,-0.89713237239753718,-0.26633211857226513,0.30334804455451608,-0.51494820892203297
596,0.69279125422265864,0.21692120678467633,1.0190278528525549,0.59227248099995433,0.24753590613820711,-2.6354466551313234,1.6849494739951869,-0.083226688019115744,0.23154098222443847,0.54530482452411233
597,-0.35675121963621537,-1.3451956638491234,1.8833924961269497,0.60395588650034693,0.26935522092197517,1.3623665603982775,-0.59470575753806487,-1.0642771451813118,-1.3273907520096346,-1.0309930910520311
598,1.3751674459949841,0.75331347432421014,-0.6120354122673507,-0.28930227339902759,0.19787763914975931,0.62255883465350403,-0.035865046813448515,0.12505054644530686,0.53914956680480086,0.21846068581641548
599,-0.67530480547570304,-0.57511974521480413,-0.41357025162522304,-0.1337699804817554,-0.95624445900715505,0.36485872247704376,1.4915567963478853,0.7459745467754243,-0.20464842663429864,-0.018671990391739331
600,2.3216856798106567,0.019927114474253407,-0.070139932312073855,0.36944799466283224,0.90062648018780733,-0.71944630648585572,-1.0746833903550523,0.21559048493152208,0.12313444968987859,-0.28577185569848407
601,0.27707077864936919,-0.72459387719989432,-0.74474268623095385,-0.023846880234791867,0.40542465672613259,1.4001717072363886,0.95573739002879421,0.44090089104724545,0.35611858939294438,-1.0658789579908852
602,0.65769401772322689,0.19306050005484079,-1.2584562485232067,0.026247768648300668,0.75809204358502735,-0.84187161080319617,-0.70576930362792301,0.022471221052548968,-1.0551756930904503,-2.0778761211035053
603,-0.78977837816258134,-0.38053379277554966,0.22958653447872662,-0.62521362408801595,0.55552876742783741,-0.98097482128187041,0.2124416974597885,0.16526929333189722,0.81355879014188459,-0.68887521320346712
604,-0.075298705271736849,-0.49787150711585454,0.65788597811777572,0.27309062822257918,0.22388349567697372,2.8241420703136,-0.12185158596274327,0.51740800569164191,-1.0397593767557689,1.2990934798215377
605,-0.18497910199050335,2.0629739400002305,0.70209076185285602,-0.49409760335192127,0.62766549146558315,-0.29049150136914137,0.3782101464264932,1.8088357820478258,-1.222547645824821,0.76463436378349325
606,0.54355342124773265,-0.28222228437813535,0.61165876375884343,1.9108898573596995,-0.90728858808530632,-1.1444916307388444,0.47759484787951273,-0.81677054969299234,-0.2339109000236968,0.79707069737113212
607,-1.185013570770161,0.016197553069722308,0.61514997257595994,-2.5660705093283034,0.69043162324988738,-1.3354482133060386,-0.09943968294179012,0.7441267958332114,-0.098534398643907797,1.1258873291659695
608,0.4702203683627233,1.3240275572490079,-0.54969873794929136,-2.1917436513237516,-0.30184633681751177,0.077336826349551815,0.066693710946216567,-0.40674271525551964,-0.10256122117097517,1.3051773945129326
609,0.49669397550033217,-0.62416211388820286,-0.42344705919442938,-0.92041803803021038,0.43508253663137225,0.089241634962245145,0.44565379343204753,-0.22265699586878571,0.186138403163148,-0.4018917095374071
610,-0.43602582642712462,0.18909280106400853,1.5549651706405836,-0.059368223837088285,-0.23613090613515256,0.26851689124386574,-1.1891535112642728,1.508372640872875,-0.42455419278745271,1.2029662090590523
611,0.40815434164488301,-0.83428650714672314,-0.12597296452950496,-0.7694265905168568,0.6763756607387913,1.6991465405471253,-0.11078145645843586,-0.30252475972751902,0.15961951457799653,0.46965875176916078
612,0.4895032711716511,-0.58403305359885072,-0.9334145179278529,0.6818621792461691,1.7796432556353616,0.47606891918580463,-1.2441049477861812,1.4088129959679292,-1.011205299649143,1.2958318099716568
613,-0.86137697631944288,0.25506746856894275,-0.50356224516504478,0.9130440023389278,-0.38704184282971965,0.57471055699835105,-0.80333100152477943,0.39134739203984203,0.11105590864428393,0.22788831100303389
614,0.013725044854621945,-0.77325746812695251,-0.83519430633240377,0.43421191713368801,-0.7101802174734736,0.7966082251792429,0.950516560276779,0.26221142272547776,0.79984123512590666,-0.2215120177810824
615,-2.8227274615366125,1.0759288119162138,0.76368536881034277,1.217990992876854,-0.76272305398728701,0.64059590448674386,-0.78661058639185699,0.64491307026456668,2.0415058646716253,0.38971775236832662
616,-0.20889511917414724,-1.145830052468076,0.094454033345928112,-1.590076662498908,-0.67417800058314192,1.0094968884997,-2.2918173909215884,1.7903715970652829,-0.044681795198306423,-2.1338963698577249
617,1.3937882139559221,-0.27360494547106873,0.85346839542935027,-0.29975362606261835,1.3444118312153941,-0.36151765057876672,-1.8026931715187096,0.59088588699131572,-0.78968805978917367,1.8676234559489053
618,-0.9349335243299548,-1.423133742691455,-1.1687778465522423,-0.60225530470428379,-0.95337581384139558,-1.2076422845502299,-1.535341699177273,0.10203004356271329,1.00469426439212,-0.85391890320604236
619,-0.19879776930970258,-0.55163817524333514,-1.1320307034740003,0.27247296700900259,-1.384799935665985,1.3023009918795239,-0.46113835595440317,0.57202148676050824,1.0669505790447007,1.0923515025730846
620,-0.16774674337230058,-0.79957811043041382,1.1020965435906234,1.23912682608795,0.29154818786383246,0.76435334996352511,0.70401083887365568,0.69515133709737253,0.17144717593860548,-0.22852563272826473
621,-0.64842290948904646,1.3781027258669765,-0.35861211049012648,-0.62096543799958293,-0.9454925480384696,-0.075839516479244834,-0.017025143147001331,-0.010226798757782478,-0.27358129712933471,0.11873453040105134
622,0.11577750171159294,-0.41902452534810419,-0.66549265430221993,0.12715961028226791,0.96273272524277831,0.50333543360751998,-1.6208483758448333,-0.9808453568234099,-0.28666465780917716,2.4106110245859811
623,1.4941961518162623,-0.90037666002123362,0.94108680704997449,-0.92656920338725557,0.10439538711308227,-1.1472451657266189,-1.0351633533561482,0.48958114913941519,0.39640794585002564,1.1422657331467942
624,-0.25923229889446764,2.1002923873422414,0.10546532792279906,0.065960609577139978,0.58559117382947923,-0.041381247362765508,0.047006923675022336,0.012505512128755218,-1.4171002724407997,-1.0350669319961308
625,0.48866780976690699,1.5139801009948488,0.68749892324310535,-1.7434664491424237,-1.8561216366604052,0.76506520457856775,2.369797817168569,0.31176716866627985,-1.0536696595259716,0.6721743524005156
626,0.016023666219243171,-0.89759207241370698,1.4131733154203632,-0.64790536897521445,-0.7371323406969168,2.7724885721351638,0.74394244810413257,1.4651211224438367,0.1619206164593861,-0.13627617552885954
627,1.2214989983408733,2.0326775929743386,-1.0269925617772839,-0.31308075664737678,0.73466645966115651,0.37650213926173515,-0.11086102484640914,0.89613950527883701,-0.31149691071541907,-0.97348700713111957
628,0.76416379077702634,-0.68474562890441781,0.49695536653789069,-0.56428753972025225,1.0489997584310835,0.20290317489955192,-0.097999835030295149,0.657220335382798,-2.4134720057572516,0.0045529376493163836
629,1.3144296871178152,-1.4106721321787197,-1.0394582785759523,-0.24014949466636526,0.11033426330249939,-0.70162805086544444,-1.3627359903185343,1.5014738800073077,1.4545271053026212,-0.90484136158759665
630,0.80410405412669517,-0.94568797048387609,-0.84326374209092925,-0.52964594898983541,-0.34910051545056209,1.6844885890862753,-0.310593872615264,-0.57389349484110741,0.14150928650584418,0.3256629210065054
631,-0.80922322146815751,-1.2769421316686682,-1.3092833625376117,1.458752800397473,-0.0080388481430274765,0.20352120289852141,1.0810454042566211,0.55231303421797773,0.1461103235028659,-0.69126143599588452
632,0.67696997758796706,0.44992460219624153,-0.74324234736305184,-0.29196668301349177,0.68265149064662523,-0.29204654354584469,0.3445983098417969,0.0033792646870552411,-0.0049229196949631708,-0.27377549137803975
633,-0.55777905222894464,-0.58053338280005284,1.39286779812352,1.2274150024170523,1.4096470047063998,-0.80366557043594389,0.55033805314205264,0.67623516185546639,-0.69528732484934386,0.29286192645580938
634,1.6726131396847443,0.79218014132817327,-0.073247685865522105,1.0782098202752417,-0.66205038949043171,2.005536887018835,0.28238950886078795,-0.36281654111924244,-2.9018383571199626,1.9861147508881904
635,-0.96282660023491451,1.2363206803351758,-0.47154591010445346,-1.4074189581853929,-1.7265652442684416,0.69490219777288531,-0.17666306627324849,-0.39878620397185821,-2.3560600153417552,-0.68906385416673488
636,0.64354585190717606,1.0425510480552134,-0.69517528547687324,0.35989806979922351,1.5126442196884755,-0.34896206904346566,0.30663134062121405,1.0031812932965158,-1.5498751257781236,-0.22906844623562525
637,-0.70964605251261381,0.69287113362032293,-1.7752113901680342,-0.091242328295836159,-1.2245186875841043,-0.014009147758722515,-0.59436706635274783,1.1218282661643162,-2.1676806078684567,0.99121564253834626
638,0.43816332559606036,-0.55482492062645283,-1.3296529520939016,1.0604865593653447,-0.051902824629826649,-0.81596801567912314,-0.41703942634669777,1.5056553463220463,-0.10186067886154934,-2.1546246896411376
639,-0.89737044816071765,1.4625279456356535,-0.028749831855962211,0.43446085062970002,-0.16210936321696551,1.2774975180613066,-0.91174951079188493,-0.24717406747836285,-1.003172406634002,0.3549505950801829
640,0.15226488555965312,0.25418413990056371,-0.75587240132911016,0.36550552488595295,-0.13264862807157282,1.7263379821253149,0.46802933505867889,0.42814170631829546,-0.60143340629652275,0.75538618294963644
641,0.14926697803729841,-1.17319387586415,0.36577913374400922,-0.23953202860723108,0.20395044624518555,0.024635252563418898,0.54858845398311429,0.31509596802846179,0.16693205977363101,-0.22480340448328293
642,0.13148331087089513,-0.57536790670924987,1.6588646826526312,-0.40728127919019641,-0.26622139457145039,0.34322384537941564,-0.98538212423525373,0.79292875249766726,0.31550212168337316,1.1484875381703281
643,0.36996536344531744,0.099619940748647454,0.31647870683225998,1.9074913980316057,-0.5620027705391456,0.63744914026364186,0.96583939358899429,0.73616408273559886,-0.35125740923608767,-1.2177408248353008
644,0.3028487600557313,2.0287790216886732,1.1592948217254053,-0.29722315685185369,-0.41567212632510714,0.11441917717982295,-0.44561083202452034,0.62577797218765296,0.64926593967791624,0.053016452413038061
645,0.4127701966024433,0.086353451858125471,0.74989606016906762,-1.491083854938708,-0.13167690833601642,1.1572522781839223,0.27814167692303277,1.3528461945490686,-0.36479639736606451,-1.5139419738233768
646,-0.039106159424015713,1.9974176774886006,2.7218051596412818,0.10630051255121684,-1.2533472372476542,0.66185349023001194,0.12849844116812231,-1.6168296781557716,0.13179980339450001,0.82383641841673849
647,-2.188391789251146,-1.169366958974652,-0.37581365582833165,-1.1039574012518778,-0.30126688673132374,0.752293976035047,1.3195079813297332,-0.38642481733032891,-0.93596754336316001,2.6227874196164462
648,-0.75152571189991568,-0.6211355844326335,-0.16948762588204394,1.3388510715963271,0.8071043107455983,1.3956519038160935,-0.81027982323031456,-0.0091944303592075942,-0.22473928032405885,0.40273172408598734
649,2.616576880057639,-0.56844436641522134,0.13313557820168731,0.48581476963352199,-0.91477880426162472,0.52799734142296284,1.1675965953617098,-1.3296119675067382,0.5497856445667515,1.3691009792575641
650,-1.1571334401594877,-1.0229583057128475,1.2694499944328597,0.030290856532956566,2.1449884663501764,0.78959492857249181,1.122711053428308,-0.89509339104577856,-1.8383867150640771,-0.20394206474667273
651,-0.27703934987790613,-1.2394095510989176,-0.59524372531536984,0.34495093268218519,-1.0300281410749534,-0.70931397147082931,0.20131028948617041,0.53769471625202692,-1.4501773487443141,-0.42702790987423661
652,-1.62800554536996,-1.4324631992734553,0.85505801887201449,-1.3548049216368101,0.35223255034083456,-0.38845712413075667,2.2434881405555314,1.2261823784067731,0.75857668750960117,-1.4918081116330273
653,3.0921428069676637,-0.77016821953033388,1.463543937594006,-0.12851624335165943,0.55362987133347819,0.14832541503260893,-0.03931498268313547,-1.4581752999568958,-2.7105045008283049,-0.19505971410127965
654,0.4025402376272072,0.013355479202036969,-1.0409595274847414,-2.1317937325577963,0.44015621293441176,0.39279734588044407,-1.1319550601744599,0.090205288265777145,2.3969009822544609,0.054122798913160935
655,-0.4457535937491981,0.81641310339305162,0.3859693117298833,-0.78026658012513894,-0.073260300540558237,-1.4135391931579695,0.51808854347170352,0.70538196592619262,0.024431485323234085,2.1775274441705514
656,-0.69300415367107771,0.32411531154432915,-0.30194642245530429,0.60676122842416014,1.2759486944326908,-1.5510332431185503,-0.10609421130649074,-0.087242645444782482,-0.48119417050733515,-0.69112334429597366
657,-0.28933814495180299,-0.33094991623304765,-0.94626606925260737,0.56916743717188656,-0.91006609386180726,1.3281647399298102,-0.12981512893114844,-0.34015763583427633,0.26149879278814703,2.3901757262606393
658,0.31119182850756566,0.087947909791593157,-0.15567341502421572,1.9514911963063426,1.4373972011705094,-0.81830479454309768,-0.99915247035233068,-0.95692709554265454,0.61855116789820708,-0.17274260736984157
659,-0.071906870048956267,-1.3554622991536482,-0.72143695217390202,-1.1100024101298835,-1.1185555936513603,-1.2181817719957966,-0.20192245064977601,-0.31852248295174551,2.1364275039884171,0.59651363095618393
660,-0.51745474253212631,0.22459966824795857,-0.72838237979074094,-0.56027645650371671,2.3492715958634944,-0.090245859696471406,0.56653632580663904,0.6512867062424873,1.2301681643472626,0.85820663459559177
661,-0.22669406938268188,-2.6131664329698414,2.0136177701359661,1.2977290422629781,0.4866283522239862,-0.20645185528070442,-0.5011264103606593,-1.477304885986777,0.60888034963698667,0.014706388175974786
662,0.02766319295509817,-0.4819841371413649,1.1015428258392332,-0.23406085472082788,1.4243743918278227,-0.11522344042315853,-2.475059624826744,2.8422709476946442,-1.7536545778045758,-0.28910605680966023
663,1.1772896494407967,0.16197389765847317,-1.0718367828159354,-0.06417287564289742,0.38386316770294643,0.4667116690731774,0.61798344429504781,1.4275930008260447,0.18241295138622243,-0.47243659672422095
664,-0.5963868067301491,1.9775666074574667,-0.91850539357735383,0.58810871144216004,-0.77725236818033161,-0.68162915806650326,-0.57905261059292235,1.2936634245032639,0.54249110731677552,0.22219079612339782
665,-0.32643549757446311,1.5932003125525547,-0.063989968714408554,-0.91772304408096783,-0.12439843139652859,-0.053390491608266671,0.21670147714565241,-0.31913260938821825,0.17995651610994168,-0.51501867500125997
666,-0.34022981009817771,0.50391487930065415,1.3815746781571985,-0.82666778003736074,0.7877436391607312,-0.4235753949329869,-0.26846120124712097,1.6399655926645165,1.3240564519925702,-1.0675691017690123
667,-0.95388992482467572,-0.38785400493132016,0.63920869856113294,-0.76070851706350828,-0.017592731013555553,-0.67017149399528098,0.59040755994243777,-0.56901211315200728,-0.17836034679055637,0.66691490355984895
668,1.1081102484050731,1.1134244790161716,1.7296110679239209,0.62361738808206402,1.1524727573190976,0.61196772739168093,-0.051146815160195779,-0.53527137151030968,-0.96997968221773556,1.4095551659699821
669,-2.6716255146858443,0.012969431832646323,1.2281403301638751,-0.95704936344913727,-1.0937353996937824,0.10044802706080358,-2.1171950557737436,0.24121153328818121,0.2109772338719097,-1.0164912985602415
670,0.075076035241504774,-0.54466934073714068,0.47980086307819714,-1.3402369213732486,-0.12370873283346071,0.79122294768231516,-1.0282613513491334,1.3329869733080164,0.19911451792402046,-1.6619191435406897
671,0.34691848678777232,3.0991655337510999,-1.0092993917145145,0.31108986166205088,0.87943685940654781,0.83778130196303913,-0.94317586226203576,3.4421846568352961,-0.32622890894814149,0.31786034524576512
672,0.67260561787340944,1.1905704553480134,-0.84058666408755245,-1.8539994729038227,-1.0977156967851469,-0.23529781429271304,-0.93887119243867889,0.86696159118756078,2.9938646596454395,-0.29059243203063195
673,0.52669154920566497,-0.23378540942915568,-0.5234853482608437,1.3705440385709837,-0.5570504818106442,-0.32143648505393835,-0.29231869726154075,-1.1969788743483332,-0.097296855228802798,0.9939521694454212
674,1.5624028246349637,-0.30282659500240733,-2.0732562437656448,-1.0455406354669428,-0.56080418757276362,-0.79142890884209738,0.27319791587870024,-0.44714151299569493,0.26778874948074632,-1.0638086156821323
675,-1.0891933897577917,2.4127758817129372,-0.91837348211021141,0.81664422179560281,-0.12728349006976425,0.68539802412174355,-0.94892389610441774,1.4225510444431042,-0.71170633599255684,0.51926623567699792
676,2.6797068212361279,2.216261191686927,1.9983894053862286,1.5300755450708214,1.6438185076016758,-0.12574252989759879,-1.2375818502864429,-0.87949631899619662,-0.14375618473536908,-2.4945512766504949
677,-2.052266934044884,1.1822506609507462,-0.583599506401977,-0.9097424338673209,-0.24383615028753478,0.52529016561127773,1.1381463987253706,-0.43844622528424426,-1.2016799442462842,1.3209892553503739
678,-0.512523165105918,-0.016979377155179467,0.82826224752122635,0.90342302049126655,0.027154281569252724,1.2073194232584386,-0.09372283502557141,0.53358208973835797,-0.9183190816575233,1.3555954156386225
679,-0.12040869024852689,0.32896036170260362,1.2892451000339178,1.392590081884532,-1.865362894105657,0.20662644603386629,-1.5276670156398284,1.4844397566979544,-1.6953531497729319,0.34105271425399913
680,0.020733495496598465,-0.54876026731622485,-0.56963908427646059,0.52030865952036309,1.7585140301601665,0.3751870473564789,1.3294267984126831,-0.0042728279728697065,-1.1861614923604811,0.47743338924925077
681,0.013395366918073337,-0.12576986609843205,-0.95287816693126459,1.9675517964108562,0.88669689949469999,-1.0537533364126426,0.4021883762764546,0.47710316592924551,-1.0672528113312996,-0.10282793026704148
682,-1.5349956317028595,0.30281905124140468,-1.9517136026201325,-0.84588265425250042,-1.8835241025257035,-1.3731725748309271,-0.94975315163131879,0.29291376635163019,1.1612277690239328,0.0057891930055883108
683,0.60336332959131633,1.0519753460204246,-0.51452322144413964,-0.86417430904041748,-0.29796703497412691,0.54600324632728703,-1.8088655555305315,0.62534372209336875,-2.3015078559398696,-0.43825845194568203
684,0.69403307508504697,-1.1879986695211042,0.090722342550030061,-1.7892835963434288,-0.72269161460606113,1.3814953090372433,-1.1628649980151404,0.6836329247985542,-0.074605265490190295,-0.55401015029013967
685,0.6306675605158758,0.013937391820485815,0.12888294795532543,-1.0368024175288868,-1.1241990829328754,-2.690995362261118,-1.3758204373600795,0.32899420912113697,-0.55239226665967767,0.3354962383518596
686,-2.1901083202324316,0.54965094381777024,-0.69776880336648528,1.2923830069285183,0.10064042584520315,-0.63824037502597786,-0.8669397828367551,0.46561279947214529,0.068538955578334698,-1.9403018358993396
687,1.5177260399803201,-2.0770766657196655,0.79927245269653868,-1.3904782265286915,1.9487685217063959,-0.12167047924303782,0.44122459160869143,-1.9251281480889924,0.4212330973427732,-1.9924879178690211
688,0.61248682934796872,-0.61955138954540623,0.72947119746404754,0.92494624704094475,-0.74359935941998112,-1.5741679441300744,0.60150576419031876,0.63600208442436101,-0.47010125857838919,1.0409994497685349
689,1.2445128138833297,-1.3588247900538648,-1.0139557098052927,-2.1527313229854128,-0.81721213909097301,0.64521274797934858,-0.62724163071678118,0.13049534315866293,1.4063556990995274,0.431583862536215
690,-0.9237790121966889,-0.17230737673275798,1.4758918911294134,-0.88602696530524783,0.50398619333016381,-0.25787106595075088,-0.3363586311238424,2.8045071272625584,-0.030822469309341061,1.702515958979391
691,1.2500005346514131,0.71839313684554718,-1.539180575060606,0.045177008364742373,0.78165734744838711,0.0039721555046124271,0.54396824631201834,2.0968789152013203,0.90872200028266614,-1.2232784472112948
692,0.47457335906066994,0.22564044655717583,1.1067630018820187,-0.13110880463972524,-1.2827561532435727,0.93839588357189574,-1.1614234805965311,-1.1275942714014606,-0.035359330101354461,1.2848638856787791
693,0.011240665245201885,0.82249541446032637,-2.0414107953373586,0.097720615208740508,-1.3986609672950192,0.63220318038327039,-1.146337303701267,-0.25569424663850449,-0.3293456761503466,0.42533556696039559
694,0.58017528310948718,-1.726864500401492,1.1001521370573535,0.17314090373619651,0.88705881080757776,-0.23698089635861871,0.60757231258628586,0.070382023331574686,-0.12899946723643194,-0.27744635697168352
695,0.52706404503229753,-0.38691237956961388,0.24787348756728511,-2.2954215715504529,0.32239393951740924,-0.65347616478273773,0.012423103687021092,0.22795908825486977,0.66965668770209053,1.3385850328505249
696,2.2088201034084642,-0.69785218190026332,-0.33053185983479999,-0.27547277704415402,-0.11264562815807441,-2.22865066604958,1.4638827276332551,0.75115921481762071,-0.21318044682650092,0.46345658382118615
697,0.20371266209215266,1.2423967358771979,-0.68416295025967733,-1.0155798731854866,0.67687719124578427,2.486641112007415,-0.42090546054330868,-0.99146279167091345,0.86066880182669381,-0.72542145849434236
698,-0.25111597509741601,-1.0468469549975203,-0.43481339872809865,0.954891507706911,0.59875062131275236,-0.37116075695869505,-0.07343814272835697,-1.7828001681998487,-0.42588904012826895,-1.4908129912050372
699,-1.7872275904803536,0.10791971141602646,1.1110397313314087,0.49448928102915951,1.1804031755212425,0.79342974169384284,-1.265880248660793,2.2435152337101973,-1.4540178995993756,-0.76152366777543268
700,0.54011370235641831,-0.8149211536172406,1.724777942944312,1.2001897669332378,-0.93722214978512086,1.3241671713090926,-0.72178389839963208,-0.81516631279513752,-0.061364010936218606,1.600571997682988
701,0.93622555700700383,0.016471708653641864,-1.9889457761983456,-2.5473764810189286,0.48194262164643686,-0.90989158527485392,1.1124235918005887,0.54778091807854967,-0.73004905995399383,-0.46500122696880986
702,0.24351731988793926,-0.16292282161198293,-0.42408827918761755,0.69175992109951479,1.8747667245101451,-0.92292911744723394,-0.018267292440600862,-0.55122577971627251,0.042198437832315638,0.073810544908979467
703,-0.59959639538014653,0.54508888036604775,0.52749032756607428,-0.74151125237461846,-2.0150689094342198,0.63062613364234354,-0.8677187642520825,0.24645469927536837,0.27272569550196241,-2.068986126285532
704,0.44240765323189218,-0.80900689433321749,-1.7078948439511459,-0.0070725382847583234,-0.97438492886205286,-1.2741691665239741,-0.218437166437287,-0.1855562519193108,-0.43962942040016878,-0.85665934990678816
705,1.6468360770063568,-1.1150719467472689,-0.18762246209348454,-1.3340571799274961,-0.67036938734748652,-0.99908411623249649,-0.367433866038198,-1.1087480236166329,-0.089562970388026547,-0.98787195981861353
706,0.48950096933621268,-0.11667324564175124,-1.1611573684951793,-0.24147433118837558,-0.82090478533075506,-1.9004250647407213,0.50496953388272525,-2.8522985382476498,0.73523467218053129,-0.873979658756316
707,0.5861923544206572,0.66669839074942694,0.32748215257589491,-0.67772384340055758,0.57007258420237739,-1.580421664480095,1.0387825962396589,0.15600903666841123,0.017784983840029432,0.85698465202759344
708,-0.32208226213921276,-0.36519185884451116,-0.67169612610061091,-0.95882114330959822,0.069307747178618248,1.3609091829881113,-2.9119359600109491,0.74526826610422126,-1.2746479667853461,-0.70772965141246502
709,-1.8521968660453985,-0.90516265504187188,0.20704465464374683,-0.7400681812514921,0.12293926626405814,-0.032456721140768328,-1.2509434484430737,-2.5425192020868823,-0.66564556655237095,0.15314357865990824
710,0.16869605500473944,-0.18198618416421489,-0.73001857936156955,-0.90008174403246421,-0.13854339947630653,-0.84724616963076971,-0.023564532830902669,0.5373927031854745,0.9816431244099002,0.55610356565509489
711,-0.35084462403839739,-0.91795745384372163,0.69336790358974554,0.11182801031519457,-0.50087498633196426,0.80547288348559409,1.6689065888735242,-1.6875828087932288,-0.089640514912910182,-0.016785566299714887
712,1.101225844127002,-0.26484444183566153,-1.1323316050443455,-0.84298904531715024,-0.64607574030406167,-1.7591019943778052,1.8119298945091991,0.74569540925572686,1.3098391600276564,-0.75246323522935088
713,0.97899328589810586,-0.36138492231827568,-0.19347696777767748,1.267185887668659,-0.49401112560003058,-0.19259653771554097,-0.35870837437223546,0.32148028872387024,-0.25485000352114318,1.0295672556267406
714,0.25746569652140555,-0.35813344880892484,1.2271835627011736,1.0884308964343605,-2.1435444813783828,0.14612691375153009,1.0257213267263274,0.13890085359815024,2.468286909062777,-0.1258415819070266
715,-0.2682684289958242,-0.3257790730147776,-0.18391023193687919,-1.0857560258810171,0.51265525425075009,1.0492902679423279,1.4772986650506847,-0.11314914353641023,0.22709955452510386,-0.51127631022209918
716,1.3472450300412946,-0.93478462522416106,-0.53761271123371013,0.71649165997971986,-0.55008943976635527,0.14117017873723747,1.2387772490109041,0.18201720772612451,0.90504778500083027,1.9654329934317469
717,0.67000125089097085,0.037492423058902588,-0.39313056191506646,0.89522429399198189,0.66427217806319883,0.90821586268579968,0.43657665066788426,0.023808139991425038,-0.74433578147325885,1.2816405244666405
718,0.78933902856857929,-0.42205468365923265,-1.2559672598735481,-0.67818316340531715,-0.64442939600817806,1.293434476280217,-0.77760423944126134,0.1822330082302481,0.37510768967918418,-0.79509357780914447
719,0.23520610128443584,-1.0515048929512201,-1.0139700245768537,2.6754802668652782,-0.78341901022485882,-0.64020483662654115,0.71860924727294717,0.016240851842361254,0.23499702345759255,0.55298139598572715
720,0.21118054974786749,0.61794147142849631,1.2039769296511451,-0.46860607781069064,-0.60806753303530692,-1.2588235698535426,-1.0345577802413799,1.610146140131651,0.99627430339641276,-0.41787538617212
721,-0.95919812452334507,-0.14259021096598509,-0.10290759191383957,-0.21261443371705371,-0.77350497109146843,0.53251757608333616,-0.31355461426650222,-0.726132585357251,-0.54547189278063368,-2.6688943651130597
722,-0.16592479619887462,0.81251997693153954,0.63846499144200686,1.1379903467911046,1.3615013143302799,-0.17726076542858424,-0.072838487566165927,-0.61437345157194423,-0.5397390578690896,1.01697511494769
723,0.22608314113317698,-0.92508459021255474,1.2856477349767172,0.025303769412784775,-2.0384014352205604,-0.27581440594490908,-0.11784746199468076,-0.12070469007946098,0.029928220337362098,-0.04288094342595463
724,-1.4231947339788413,0.65629590636722124,0.095828291389881762,-0.048017405852517403,0.42821375292455449,0.77831655479648965,-1.8129661909172159,0.66466760854891804,0.5401283831059307,-0.11404871985833333
725,0.24773929164659592,-1.4532394656367063,-0.70618459801183875,0.028574476972664086,0.56012624958235535,-0.6048719787346466,-0.71907933803232815,0.2482070671324155,-0.76526220817715651,0.41205628000488004
726,-0.38396611642745887,-0.0099928248404462534,-0.78205950586339579,-0.5826876058418754,0.24990046234824395,-0.55867153300605621,-0.76107795176632087,0.73860993556641108,0.10346181073142836,-0.38731265066327714
727,0.97195838497815568,-0.10567082381430466,-0.68668763687369172,0.58658623374402241,-0.2167685298140265,-1.3247766621963768,-1.0878253929193713,-0.14659578319514294,1.8017768689053437,0.60021762500149534
728,-0.63636366367024966,-0.19633520623486964,0.037567244358209434,-0.17874622864705439,0.52346728361014272,3.1541398970744106,-1.3634887128075017,0.20878601285802748,-1.254250403887222,-0.62916447528146602
729,-1.2914285084979893,1.1901193624726254,-1.130581283321096,0.63049908439492752,0.36802962983286125,0.73153104897675725,0.60023326551619338,0.41483603356684401,0.073465851463637516,-1.07750856294978
730,-0.80363826975642005,1.7472464156812932,1.3420240445276679,0.48708648597765419,1.194722613165522,1.5361415316413012,-1.5405892165668027,0.96933848546351642,-0.53628209177323738,1.855046066873197
731,0.54404012272781832,0.72890784745542792,-0.26727992776873055,1.1102038466884014,-0.27567979021963263,-0.46905946185053143,1.489416386523817,-0.024997061332134089,-0.61891738237868776,0.053349649731821581
732,-1.9684839570983392,1.1610798051008735,-2.121596518932876,-0.44419714832322577,0.58420485671790656,-0.26668446970283488,1.7223471371844561,0.35594025090736492,-0.21698942744496869,-0.80079840054513673
733,1.0676921435034927,1.1474937803377712,0.88128063416209124,1.3501547590087484,0.33097623263928466,-0.72208301993459223,0.3447796428452603,-0.04874328208821814,0.14026014935321551,0.42021804763881648
734,0.4181872677464909,0.16863413465340815,-0.26133525476757841,-0.40106308148462305,0.15519435552572033,0.080225483327552763,-0.2082325522775553,2.686034107049748,-0.013621401854120823,-0.65289587752187295
735,2.5050699465635455,0.9655202272915282,-0.84216912578026804,-0.8400401466314048,-0.98078610730896032,0.73454415035308196,-1.9036923779450612,0.7969360852384989,0.047806848714778985,-1.6996997588935661
736,-1.1071505616044113,-1.8629257603259264,-1.0725098986121038,1.6003818750313756,-1.0720973049215405,-0.69376681309852761,0.36479632752794333,-0.40759381996341804,0.76136769856285424,0.6098912071684035
737,-0.2509410746618797,0.090426348077822016,0.5084916482148043,-0.076865359566902228,-0.030643183408949618,0.02607489744591817,1.6291027690664022,1.2879702498308991,-1.0467601279929288,-0.19626991149098375
738,0.56669551016673203,-0.19551936802624223,-0.20916370673327581,-0.11341879174736304,-1.2711257856777691,0.78819530109638081,2.794985051350479,0.71175225097708261,-0.68763897282416997,-1.9231764410637973
739,1.3194840981298819,0.13331832551392139,2.1636371526951512,-1.1186366859825871,0.26605282250950391,0.16053034344341147,-1.1912792032229003,0.16452808683978867,1.0227079626516455,-0.14486814224168923
740,-1.9815776089850745,0.86855583386237079,-0.26738742109166608,-1.530756733270241,0.54867257320969087,-0.87367928678477158,0.24377615678623479,-0.4906396400518519,0.076657566792661197,-0.095691319614096396
741,0.23251170626513348,-0.69338592735197524,0.43715226755311348,0.74342254788982476,-0.81760497876879945,-1.7575604903179112,-2.1730043005061175,-1.303762543059914,-0.31460169539679833,-0.44073108833660085
742,0.85729859584879842,-1.2352836120038422,2.217582902499561,1.1046893705598131,-0.25745567217674231,0.027729032157477653,0.1498302771515935,0.96515957978884559,0.88002217572351171,-0.7609561144485294
743,0.53596053554617884,-1.8097725588208176,-1.1951766471391325,1.6716033329942013,1.2991131525873973,1.2648758526051009,-0.9759277734037306,-1.8041958217990004,-0.39569902712060123,-0.52628114305160811
744,1.147486178718468,0.57830590338937105,0.15953749164045647,-0.11744189615703113,-0.4327872747138849,-1.6363134977586322,1.1698908603682487,-1.1524015519509234,-1.2871056625837154,1.4837990976495619
745,-0.45275129168249428,0.77073632603833386,-0.71193311146675553,-0.024109534785840846,-0.44284915946089815,0.3502966214678252,-0.056312999434944132,1.1894393011004991,0.10452390500234481,-0.07239572640869392
746,-1.0537340697848927,2.0245056774485484,-0.88023102239100637,-0.31952868793344036,-0.37965935640613657,2.0697476564685804,1.2421238457443866,1.4046758790724343,-0.062095959460097765,-0.58191855014227034
747,0.55008121888968509,1.094316970557341,-0.20269514375528863,-0.14031242818940678,-0.10375810611277422,1.2462417800423209,1.3039541211005792,0.22680901598756276,0.47567003760581905,0.068990448744814734
748,0.51966104828869308,0.87148924248501691,0.98119342717572033,0.10753634131184631,-0.57048602544527427,-1.7449938497032926,-0.28543983216695462,-0.71731847028401041,0.57419298611119707,-0.77589094657084123
749,-0.53232141493832619,1.2044468748498305,1.2231617882819512,-0.18426509120297926,1.3344458154194925,0.12566404375731199,0.32873031174853173,0.92166255847065903,2.2252547901963893,0.56541260904313528
750,1.6888216238346465,0.20901957254676223,-2.705886170937509,-1.563158011482499,-0.77693579797201284,-0.51793643486955221,-0.14863318836349154,-0.61335478350714856,1.1584975249716267,0.50517361739849331
751,-0.19219927303756426,1.2379255440582833,0.20580272741672628,0.51250206901637452,-1.0014164718529748,0.35071005248090886,-0.30283624917109653,1.8301394099391093,-1.9527613503122101,2.1314200232470402
752,0.34108611392615934,-0.79164435745601303,-1.4995692503591866,-1.3473267083325922,-0.11730532760010097,0.44697044898121102,0.40398820287724452,-0.30901592627243268,-0.033903405980944303,0.19852722694036226
753,-0.94592461438568021,0.085730082655925327,-0.21158425258232555,0.50928123629010691,0.033382324778584584,0.502675614905711,0.062675406907078138,0.38643397061877699,0.52333460315438729,-1.6839085850335027
754,-0.34450318386887036,0.53967499694036891,-0.91259983963236613,-1.7729268943856453,-0.91849391240829492,0.36725097378412636,1.8164790332169742,-1.7658708377357479,-0.6603284325087192,0.77331917178179277
755,-0.24450955563795954,-0.59829618117993,0.91089170240422013,-1.0688880587594636,1.0791010449880571,0.60977856382775519,1.062051947861854,1.0528410971463564,-0.77434295780570106,2.1884205692890317
756,0.79229429622609948,0.20535468984748012,0.22527657811386598,0.50682208228975067,0.65862345095081232,0.16037612922806116,-0.47239357186274439,-0.74691039001703752,0.35117649135048862,0.84376076273053446
757,-0.16358490103694132,-1.2022631364158849,-0.37713953581777193,-1.2501603177322775,0.30469385072475375,-0.25619872813973971,0.39232884370545656,0.25845683636789024,1.1129270822324637,0.1305264938797179
758,-0.46610508051220251,-0.98083988236504538,-0.64990580395387731,-0.59380802467583571,1.158912124183894,-0.24154272221185924,-1.0435303780653891,-1.6574502736921519,0.61692068488545326,-2.5792426258920678
759,-1.4262452389724061,0.30144285238759794,-0.1126346954060827,-1.4716912238905477,-1.1108635411216052,-1.3354792702348679,-0.47017411576028451,-1.3258905102553957,-0.036639783924181532,-0.65167197830065005
760,-2.4777028997170403,-1.0508647813911489,-1.7820216852657844,-1.0295129176354423,-0.47318993565361051,0.54216654497720718,-0.32944526317116807,-0.8098761258393864,-1.088280729992241,0.17481178055802071
761,1.7493006627033736,0.69293028096883669,-1.2180976492651518,0.55485668150734568,-0.61619260441062451,-0.079350873294833105,0.67309331075300172,1.1154157620250689,1.8042704262516274,1.2345725066442246
762,-0.090714181576264027,0.53280725441290877,0.11432411880806123,1.0880886691931164,0.96145885472166881,0.24306479346807799,0.21522802571258326,0.095586131380513348,-0.78290269382941569,0.79400024170698746
763,0.22591403160197421,1.7228211740788912,0.74915969599070076,-1.1508641829416997,0.44686815545785497,0.50694539905696157,-1.7042109586505303,-0.55623963080055017,1.1038284264652964,0.76868702713521697
764,0.44684985690298396,-0.83242508520927139,-0.87476768682179562,0.052633990063006161,0.96534842359155604,-0.096267582638462162,0.23341316867793718,0.33694987618013411,0.69961972281735951,-2.0205308332763035
765,-1.6630112371447314,1.5383962946955214,-0.48683939173334623,0.14544037136254598,-0.035203368354701878,0.4528619652896842,-0.5313005303606867,-0.2041529215959639,-0.61526002241242428,1.1917918679060608
766,-0.12466321752171579,-0.03613711715784923,0.97441184688626181,-2.2588354141788565,-0.3280994914279588,0.0047636124316956215,0.6795322255451729,-0.12405845513759725,0.36116708105596418,-0.68827962963515776
767,-2.6657419972479461,1.4608295065313595,-0.31809052279632771,0.032252059112401837,1.0128270924098774,0.30554255874649655,0.1212403851805692,-0.10039076580951062,0.85018770075406624,-0.47253187873511826
768,2.9954057105894316,-1.1378430420689885,-1.2440239904339725,1.8548235725511426,-1.1261841571509892,-0.64853402125685122,-1.1765591600285128,-1.4613958466918739,-0.36395754671057495,-1.0234488654397123
769,0.95948954382221852,-1.0704069881385407,-1.1707130596259747,-1.1587495614196293,0.54107660813033609,0.53855678813729946,-0.49434948408430801,-0.43608772935931495,-0.026688829183301257,-0.68575781778596778
770,0.51892904778639004,1.0610891783128653,-0.0149338663922332,0.14396976937509084,0.077714450402336335,-1.6916501523563927,1.1685956136247473,-0.70214974068359448,0.64660969623528974,0.22083562875185717
771,0.85100610910951502,-0.7576773365330125,0.3239948901578813,-0.48020775193827192,-2.1442662475536349,0.24886954286934299,0.51154275258228654,-0.35530243052176735,1.0565298870773168,-1.3434102896251954
772,-0.67543250999360549,0.22773565591451955,-1.5464432638105701,-0.069297950348740603,-1.5639766532407213,0.58105635227514585,0.56854040883361667,2.6016217067358509,0.3700158669096556,1.0545303864807192
773,-0.12543633994672226,1.4401578044957977,0.44059414687368093,-0.54192051370730654,-0.41517268493710296,-0.088977735454866605,-0.20719176923868654,0.94216172701101963,-0.59105818055421744,0.19935262603049794
774,1.4012311695596937,0.40898010807268015,-0.65702232466843258,0.80861545051131967,-0.32211664821305674,0.47395732953537173,2.3489338889037756,-0.083256506744141437,0.43324616736522464,-0.31027481666532031
775,-1.0486972755318162,-0.45390243315873269,-0.064354695536174983,-0.54066685317291119,-1.4831735674203606,0.091339173359588466,-1.7648454641991906,-1.2161552965260558,0.19370351720616216,1.4443095685748937
776,1.0934872245916116,-0.32875455639099255,0.27471497933827033,-0.21770115563896522,1.5800624722636774,1.7745855598848652,0.83734993741545982,0.59101629446208925,-0.13834576798574683,0.52407965468058371
777,-0.26277249116992324,0.88711148282988028,-0.63926900866599456,0.8678563707526713,0.73043504496136569,-0.56327828762357768,-0.23371387450335859,-0.068938519811896859,-1.0441741796883652,0.62568438193771347
778,-2.3221404239378476,0.59989527654248687,-0.36976884658014103,-0.56307175693389588,-0.22884635876922388,-0.82576748270514355,-1.7583715280872754,-1.2220855933028691,1.2498543322723681,0.096438493105336948
779,1.8817704840753271,-1.1761262885415613,2.5159638446508024,-2.0504654477049966,0.46033370772966931,-0.31491917572641015,-1.6678650411078939,-0.95533432519990724,0.69038246267148018,0.83276810375950217
780,1.0616616693052121,-0.58201271585301773,-1.0564268210661454,0.16028600620118105,0.085171639047862915,0.51723520609788576,-0.69134124831872934,0.31110360248189184,-0.24793397004308859,-1.6106570732452909
781,1.1610301999847494,0.5030477884666873,0.23140555084714712,0.69007123987466279,-1.215288725997608,0.46046267719900363,0.57626633691452656,0.035409206898603406,2.3356915317770524,0.02224721958089074
782,-0.39056632352709808,0.064547171537834597,0.226431078586812,-1.31802673838889,0.98118684147916202,0.13624185775182709,0.36472767590185201,0.028551067984675708,0.22473656760991312,-0.21029459412455428
783,1.7140792359822004,1.3042640160001255,-0.51397116881436911,0.045659044805322596,0.09323403151973883,0.99267873844654575,0.41092820100010513,1.116974566150954,-2.0409024078978062,-0.56817553976379209
784,-0.98421840659268345,-2.0298489300001794,0.61110276025269061,0.92435356099639054,-0.62531242531859754,-1.4486277818910449,0.006641955838425034,-1.522058075284227,1.3452149746738167,-0.17723838948560014
785,0.082609038069420396,-1.0616132035976498,-1.0867605331038714,-0.32223842423763449,-0.59833592565515692,-0.15376551121571333,-1.3071302866476513,-1.0383637707554894,-0.080891853845849265,-0.20620735388235195
786,-1.0713515955341613,-0.17715991428736663,-0.50883810182332279,-0.44415099556084287,-0.49934055423531337,0.84163220537864536,0.086672537207079847,-1.1213358936276594,0.28133703039383057,0.65474101697511811
787,-2.8243150492907967,-0.69266222284914258,0.10107949798393795,1.5799680650812591,-1.8039676084395959,-2.0680411435539372,0.17687987507807376,-0.53598851992471019,-0.26500893773930873,0.41485901886187865
788,-1.7053532411763244,-0.027328409837033142,1.0549990843402426,1.363173032931291,0.21551559684624236,1.6934453436256069,0.56405171581155844,0.20076808859423467,-1.2534563494770581,0.42321529324498558
789,-0.18911185691139673,-0.053072360551850779,1.04177680395663,0.13100131250186803,-1.8520966647552952,0.98698557973647627,-1.5312797139936514,-0.26270416145685577,0.40965299667983629,-0.25644008924168765
790,-0.39053538352419942,-0.30358765029311185,1.0564164721590481,0.76116331416747685,-1.1257575925332393,0.68011982392241066,1.0728262892351248,1.3412801919701565,0.57814623670504861,0.094393657368487455
791,-0.78122291266271771,0.10653910516979659,2.3282619757868503,-0.62659104650505149,-0.60279364638270927,1.4061026638797773,2.1947602730393592,1.192009811077317,-0.42673012780243574,-0.34488308607743762
792,0.084127060304718629,1.0649877185953545,-0.73079023170944457,-0.75022825604057086,-0.30040681517565748,-0.1151878781904617,-0.045957040881956637,0.0096617208961252317,-1.2545112418276425,-0.38826196561442372
793,0.7181225483692103,0.59380313996874612,0.50277224937023912,-0.53541681966863697,-0.11726237403392011,0.5712349510915613,0.12454949115949293,-1.1559425401894248,-0.16108702602705233,-1.19045620383717
794,0.39398365039518585,-0.96291150547509552,0.52831588427095899,-0.35791458439679896,-0.28552821804645179,-0.69425338062492647,0.37653322979610265,-1.4956666829816603,0.23531015283785875,0.050507445046262291
795,-0.52084699565353576,-0.68653661846431846,-0.025869914531587174,0.097160264278988037,-0.24132149818253382,0.95535425261171392,0.90774918464562504,-0.035877740993575595,-2.2051978741676046,0.2917762122428641
796,-0.73058379699912701,1.0389736857125964,-0.1678927479044183,-1.4805442959765365,-0.3868899571641648,-0.34579844004144977,1.1955303959695336,-0.71797774732632047,-0.5478972556431515,2.1119407090523024
797,-2.6277554778523671,0.16760072050877986,1.563165227641075,-0.42265259790415771,0.79232968074483712,-0.15453742014290003,0.037498596300842776,-0.024254441070277789,1.736958871942045,0.38228248740975368
798,0.070368986792948382,1.5806456925584285,0.42697700676354072,-0.62272894285531299,1.2097052662208678,0.43062235872374971,1.6408359833629573,0.029666853455672274,1.5275899827870745,0.11901226281865547
799,-0.69484898643324378,-0.20713653360314516,1.0882418975224215,0.18467305724016395,0.23553708560573,1.9519516887090127,1.3256566741727187,1.1152447704516948,-0.17687455335242661,-0.60492280119594699
800,0.15478181650991363,-1.865834424708062,-0.56793940366869189,-0.076854702507058156,-0.97274267675892179,0.5870455688008519,0.90605846344960062,-0.34771150202772189,-0.24238167740160485,-0.9020342537980468
801,0.25784217025769895,0.61492463802591857,-0.68258583624597613,-0.90209146084517711,-0.68435917034862348,-1.2067176621389388,-0.91302534344794517,-1.5649495160303584,-0.88506792832510772,-0.59888866957026077
802,-0.93601502337365161,-0.1655984870861941,-0.32901046415059543,-0.94757652372849388,0.37252772782034932,-1.1936403313122972,0.70413963622777687,1.9381742532820716,1.2466725293144474,-1.499690347703559
803,1.1251454744794536,-0.72287537851895967,0.48391706806051649,1.2043006617062841,-0.68087466245153327,-0.47624597036404098,-0.77956900694184017,0.60373816118776791,-1.0897708096327283,-1.2048101318450766
804,-0.35599959047752139,-1.4279695360264524,1.2162588514563415,-1.1919993260614385,1.031575095602437,-1.5265132754179433,0.34386793084809036,-0.11828685590267959,0.09104518046633181,1.7801256874152678
805,0.037313735907313114,1.1235131905462277,-0.0097126621004696694,0.25574650010640332,-0.057897882698063514,-0.44659726789605098,-2.458756708923127,-1.9513803109229109,0.24233737899652674,0.77600430649576435
806,-0.17003543181171452,1.0847588345407746,0.18964661981635389,-0.3573806617829961,-1.0258232571758499,-0.83607659433523562,1.4619964980206568,-0.20672085142167679,-0.91842128332827744,-0.89111156610767672
807,0.29754715256391562,2.5988322180619723,0.62287574142870372,-0.14401081412982308,-0.94416582617886413,-1.0995083305690356,0.43772881316187445,1.1410812918592457,0.50588449270987257,1.1430411016028272
808,-2.1727050513949573,-1.7748486095222784,-1.5967886394717534,-0.46665745605246123,1.7945026926098588,0.42031794607038214,-0.16285466339122082,-1.4340806766427012,0.16664546503519745,-0.5256528681120467
809,-0.18720815892559281,0.97724888382573971,0.2931344247564675,-0.88707985984828552,0.083047200911529756,0.17253123924233771,0.6863160083391614,-0.8672002786884907,0.29780626113899344,0.45599046160470957
810,-0.38656139468280365,-0.21859755412804874,2.0405513077942241,1.4425798671686128,-1.5762141832330134,0.0071917432589961878,-0.27293924800158786,0.52584989260939929,-0.22146538087024961,1.7667438017452135
811,-1.0108142999489067,-0.057610685316497434,-1.7548323908750627,-1.3784359697732316,0.14343871803907302,-1.7309704824508929,0.14122702869815454,-0.38362255778504212,-1.1017778211390745,0.45904905272424529
812,0.97957953809207987,1.823040394781104,0.48175627023084877,-1.3634078181268943,1.1457848153568659,0.3020744264235089,0.050301403791595901,1.6937413665638343,-0.35952936640578359,1.0072269456713494
813,1.270249252080218,1.4406412811210294,-0.76697267707241235,3.0166889888828869,0.024562779863318535,0.14756684189304892,-1.2264449524235082,0.34553249555957577,1.1650234856097017,-0.24229125190196388
814,1.2448076296241783,-2.2852101175273596,-0.99705552158999344,0.81665298723033319,-0.82673549686801406,-0.69286727817425842,2.02135078561161,-0.40954894305444245,0.18609103571801131,-0.17706201472839286
815,-0.13554800033897368,-0.60101312978609867,1.8318303081006893,-0.36700815740975251,-1.6365047054803412,0.97370574418053224,0.84819596726986135,0.60725372166004321,-0.29314160700191899,-0.62775174111129284
816,-1.0032545786748364,-0.1737092321109136,0.95987623691063062,-1.581035109414884,0.35211489418406328,-2.5622068162025138,-0.96368925767111002,-0.46458818813993186,-0.067070349545097219,-0.63624917094003219
817,0.42606738261038635,2.3376364145249919,-1.3964969552399966,-0.12846118341089738,-2.2370328019709711,-0.54117351242165435,1.0900527081887832,2.5885071773420116,1.7984647236532003,-1.7309500250855463
818,0.79960740413233755,-0.16092324228310945,-0.56600606333341841,0.49925304254063158,-0.25295349424923758,1.7006775810207908,-1.1851600115334613,-1.0795714178339686,0.047361871425343711,-1.3637754801610504
819,0.38480186230329361,-1.3876554952855702,0.17509827738266937,-0.10414582118024748,-1.586286501615688,0.18503901531175032,1.6471311238801736,-0.81867201583341265,-0.46477036672757321,1.1298604561244945
820,0.9638060156194721,-1.7296556949279907,2.5210694150162749,-0.020060105495586813,-2.1674030015071701,-0.3632704582314758,-0.73605573938493218,-0.16094956885332326,1.0453546671480429,-0.64430463571380314
821,0.38712451717422808,1.4236414192405322,0.59174497722883623,-0.48365773433778547,-0.54441792838030123,-0.73337569881070208,-0.028784354938476153,0.78018662313048825,0.41888943826174918,-1.9215639329231862
822,1.2267971933688862,1.1947925011684299,-0.1342796688719598,-1.0966184031198249,0.24013915958068077,-1.5143948277160797,-1.4824195585113189,-0.053094768461102421,-1.0371925048872752,-0.84402153888033282
823,-0.60342131880418037,-1.4232122613560476,-1.5351675739632755,0.33173847703626164,-2.0360736830015642,2.2959617275299218,0.024706744164481976,0.50334383455191445,0.053731288264497218,-2.0396172896630458
824,0.069980920400150984,0.85317397727724109,-0.42872951881959892,1.4418498510804989,1.5183392696725804,-0.50092753566650572,-1.2218182327066223,0.92510710409074681,-1.3049277773145582,0.30507517428051395
825,-0.22632441600032163,0.98687041138730525,-0.1539596025963535,-1.9759691684361385,-0.54324801726207284,-0.9762684871375289,-0.20543100049438143,0.56422178915761434,-0.27356143450318998,1.4399286039067425
826,1.0679052173541135,-0.086584116910512848,0.1975811481958204,0.0151756656667276,0.057768359238696838,-0.68684375742223236,-0.282201441117442,0.009179032191268437,-1.0346701736691326,0.62722110308513834
827,-0.90219014948794962,-0.77883519843500015,-0.2108741820365157,-0.4921165605759244,-0.46194815237176301,1.4161192090749282,0.57135189284196797,-0.61414840977394747,0.51338297051476567,0.90855007098966678
828,-1.7942433842489864,0.35527916497509987,1.7784218780104641,0.075715985947075889,-2.2775732832576248,1.0121421020110142,1.536229772040776,-0.77662521754785263,-0.98539459645821892,0.53943135329020608
829,-0.91191504357677566,-1.1876011003458373,-0.95277742815460054,0.92538707604254966,-0.29282306035226985,0.48595356448288485,-0.48777935354501811,1.1847313339858296,0.034574485782704709,-0.3825197340152936
830,-0.0872802790924498,-0.28914377149115944,0.82700595691159007,-0.046905572011180723,1.3237960587229738,0.43150100843414957,2.0827092533005325,-0.92249325393439641,0.029514806609051789,-1.0187435991777676
831,-1.6352837666235125,-2.1937591022104641,0.14010616181405688,-0.66440652047868587,1.498744207936558,0.12308807084270053,0.62975904280046335,-0.95049653165509074,-0.6902684470651943,1.2318671510161447
832,0.7104344086631349,-0.34810655354274533,1.916784044970856,-0.7166230594345393,0.13920231078764375,0.079594461691539511,-0.13307580786959738,0.63509375808610946,-0.14816764136196034,-0.076138330848151581
833,-0.39458060419647523,0.38604609799699702,0.44755562206745958,-0.36676037351796903,1.9463456250494358,-0.09258849834378205,0.86327452036640251,0.41275498652614967,-0.39475326897560464,-1.6245168021015628
834,-0.47754568283535204,-0.12065027942116281,-1.11803937077669,-0.90362713725988597,0.23216707301912551,0.25678671474826587,-0.89469610776834729,2.2687549067292521,1.1884689332464962,-0.74732005205206287
835,-1.2209134246126192,0.91949678785819178,0.70560182083620759,-1.8896328749556557,-1.2969815796820137,-0.025845413669461428,0.074780536533868347,1.7182743820119271,-0.74621993356346794,-0.44105552955608845
836,1.6541170640554641,0.54200926822667017,1.7590212558506719,0.47943266690009634,-0.19145954929358602,0.14059095674094557,-0.63365483611054008,1.5728262736292358,-3.0730812896808608,-0.65814026724462815
837,-0.2336384680479282,-0.033065637974236041,-1.0199553815232791,-0.52852361559840166,0.33873062918798269,-0.024091519247631386,-0.081667107934804112,-1.0892065572661171,-1.3681581045572742,-0.39438401295337666
838,-0.12268372441308396,-1.7108918584307964,0.94438498644757807,1.3942277419724629,0.10048894710005751,-1.3201473366859164,-0.12860911722495083,0.43848852132197524,-1.3370103567449652,0.48800433925587289
839,-0.11698394762669541,-0.74455077812913628,-1.5889290395548925,-0.06687018592702082,0.27258737328305011,-0.23341898056436078,0.72629048230535387,-1.6516358742122215,1.9716359861768089,-1.0958816373926437
840,-0.14489170913623065,-0.060520459311760526,-0.52723511203009787,-1.7645260795913884,-0.59761350956460102,0.092245131310352127,0.08661619300199136,-0.11031678367620311,-0.32789864776270272,1.0405651048616023
841,-1.1284641946458867,0.038840931596496341,-0.41549053816795301,-1.5265474843392703,-0.062628740634397939,-0.53480756213226266,0.31970750977955859,0.628916615142741,0.096314800341535056,0.40998390224657649
842,-1.7570943070915086,-0.39870688300737639,0.13978453968911045,1.9485068545923385,0.015302222943644618,0.12867453481210003,1.246856911680849,-1.6177299609639724,0.83756636468531709,0.84636459457744007
843,1.0008912603047708,-0.28464325229104254,1.4292315327397189,0.20824408279322276,-2.5463187105419909,0.18058478969554162,-0.58812794988305317,0.76555557392812879,0.85430896860231598,0.16611299073833957
844,-0.1360523434957546,-1.1632465068465314,0.18485045363013125,-1.9446787468944005,-1.2270984502603712,-0.05309253313394207,1.064192212476524,-0.52174004682512276,-0.31523287249891202,0.42762747352569519
845,-0.11153215425027095,0.20684458116879856,-1.9382703157692818,0.86254518881792697,-1.3868378364313616,1.023391194608867,0.78425530431791757,0.1745122533964705,0.63684258652702019,-1.9402423808960447
846,-1.6477041772140599,-0.72539925002793504,-0.22172093814384905,-0.11564575494600778,0.043378431586831016,1.038506245076444,1.2327752101823317,0.58725630624253256,-0.37396050956205934,0.67674878811674632
847,0.04108529042724355,-0.60996641185312384,-1.7397485256568967,-0.23975793020682665,0.095684819434495069,0.61085716920444388,-1.292659893293183,0.018944297301381391,1.3338322491435481,-1.217250608986773
848,1.3164952459317838,0.7514658594516912,1.319763550068124,-0.40427648478134687,1.5314262116460258,-0.45386210339770411,-0.21099304004105618,1.3738502710745037,-0.67809945805186089,0.74741069883129141
849,1.2250389029593829,-0.90577977364678908,0.97520749807503404,0.24628229911285995,0.53971902226601898,-0.15090509494180934,0.96417275936438962,-0.34412187874540107,1.1192027434230829,0.18696773397142094
850,-1.6941945720335763,-2.4532070033213969,-1.2791494968610007,-0.94011310482545107,-1.1706719971900623,-1.2473748126130766,0.12956778134933822,-0.28065052980980931,0.64711698878337509,1.9459512390261655
851,-0.63009929356963945,-0.85540945581064831,0.34986821928388451,-0.51632890178273527,0.42913419480344356,0.1572427757390932,1.0003596445800778,-0.8028447810042717,-0.96344903269234572,-0.75062593667581468
852,1.7145173083895549,-0.83779469263686623,0.92037064395485457,1.3085459264006245,0.084317270062213789,0.32209939070765464,-0.41503545870963948,0.067278416839532063,-0.31474236677479789,-0.24542739596360272
853,-0.83212902907380504,-0.2167458089122401,1.3887438940183769,-0.71488552616646694,0.8381393913619144,-0.8315388104959387,-3.02813875983975,0.13950063803849463,1.0908375936782873,1.0705297866661867
854,0.35167493116754067,-0.16759639507812837,1.3182344989964823,0.20343368432810879,-0.56668206581717206,-1.926636887507805,0.66577384698311026,-0.035066461495864246,0.81234852682122183,0.30889853151272578
855,-0.43740096950076202,-0.34839507313037171,-0.48089783091005744,0.65344936678632104,-0.097657884557829866,-1.8310245114388404,0.35716866331579639,-2.1621187780798108,-1.4231159612641413,0.55007129054506509
856,-1.2749847030839154,-2.1427087526332635,2.0390675920100301,-0.93680397277275873,1.0925004955651594,0.31528922046001162,0.84511060209223321,-0.45131444247300639,0.18285084274021993,0.53796176602104417
857,0.11128172684464577,0.023650957711373592,0.64159899050701052,-0.068364218665476637,-0.72902189194727818,-0.0293323517666279,-2.1780007425251373,0.49897875155009253,-0.88395386601325243,1.782596699824808
858,-0.040658288010251814,0.82056317136017654,1.7776765240474353,-0.21736279508837139,1.4853294790178393,-0.65905017718256531,0.4851763074930332,-1.3172655097655626,-1.7481231013916152,-0.6730573476322862
859,1.2424452712453176,0.53034291624577334,-0.11689977707411832,-0.55924726867232155,1.0290960261151252,-0.65441851625383873,1.0137689530471599,-1.3582081917053856,1.501004569448964,-1.4247831465967038
860,2.0400163119284032,-1.1309076691065454,-0.37333752185292685,-1.0593516266689449,-0.40785165463426998,0.96883381068861363,1.0201932536106038,1.3331656318228025,0.74466554977923494,-0.53155027151859469
861,0.84555698960947623,1.3781975525025381,0.6788750881326524,0.27780976352343545,0.93340118104787584,-0.21597932295047109,-0.074557734511572493,-2.3532767367218232,-0.083488554040429611,1.0880893094491384
862,0.47249860388104281,0.62647077129030593,0.92582291985177934,-0.62290487379677517,0.93103227293512836,0.26485483090258016,-2.3047495448318287,-1.5651880064611652,1.1781060484411783,-1.554902338929895
863,0.98074532534434478,0.8914035297283841,0.91914912542873184,-1.1871654635149655,1.4991545464093641,-0.80574629773674233,1.9992086574773029,-0.345729877253935,0.70998605556684447,-0.72062226120783057
864,0.50184691826594297,-0.46087754479073961,0.07275283405005846,-0.75144020525755983,-0.44741629802712823,-0.51387341637910056,-1.035489840222318,-1.7990164026039086,0.66294877293336918,-0.65362860009962953
865,0.15979714595413316,-0.52900617070806089,-1.0087616619174593,1.739134679143334,0.39699486842603371,-0.51139258552203637,-0.42020882777395263,0.11630303359801315,0.089496315872598334,1.0267105975031143
866,0.70680453116356401,-2.3442988517671246,0.76441224920660467,0.78397115565856335,-1.9257653608260641,-0.50817922300129159,0.25647917824962352,-0.46464892365671601,0.056472042126210466,-0.60248822258364587
867,1.887686761221665,-1.7674920079821341,1.3147299817901623,-1.1445299847782751,-0.15603921348816679,0.48770428136648541,-0.55511163977837186,-0.25517325775951472,0.58790959319650404,0.058693106871228987
868,1.7027991035462422,-0.49427511962379805,1.9726859223852677,-0.45582003251172515,-1.716885204623197,1.2038530785844188,1.2740443089820424,-0.76834900055889177,-0.69487734860324724,1.5742901835714915
869,-1.5502644634910947,-0.53437493192081842,-0.10420563457977694,-0.073199255779919287,-1.6725878566055961,1.1767287200492607,-0.59670669985274405,-0.02581553567627852,0.90133718057294165,0.21080836358127425
870,0.21630938434004518,-0.36709764619250213,-0.015025169293991621,0.60834924544354962,-0.23167185034795187,0.89439616212215822,0.13215234682475258,-0.67921023110505818,0.55268801325062633,-0.8119200807600826
871,0.30569478117642324,-0.050451277881154957,0.11117828600504073,-0.35825417119636099,1.471391333290279,1.1573449597603551,1.1440691355673611,-1.1047179756179577,1.3607883403080765,-1.0321504938408228
872,0.77069311863347412,2.3285258280842931,1.1407467811407228,-0.19216194426354197,1.2486863772473518,-0.17332363794119146,0.10700797768183352,1.4983387258454341,-2.443339785249393,-0.70114773999370028
873,-1.8132889918260058,0.13222808768657471,-0.039179457178743139,0.21455006058134263,0.71821737728786217,0.7066486458223491,-0.49618217595407366,1.1740093944819672,0.89509149542966726,-1.3473861093025621
874,-1.3767856155739144,0.51214982856515201,0.099029292616385781,-1.1445285286878737,1.1243907999522564,0.72499236671786038,0.39432103872466495,-0.52153944794840168,0.62208501687513984,-1.3070022617811308
875,-1.2834990262825168,-0.46494851721416269,1.7334722701594993,-0.63678247999212567,0.46736222475627653,0.13441948854621086,-1.5885252761387965,-2.8103550871446035,-1.1481553357015686,-2.513999614574487
876,0.65669242677257289,2.0119950680603313,-0.097979490468119851,0.17904687929770219,-0.0081585263174156278,-0.0008448660191942445,-0.054798020745865136,1.4585593743689378,0.86653169401629793,1.1644049150399407
877,-0.44835735733440962,-0.086555760305877708,1.7268157049031294,-0.1696678056104152,-0.31054932741731067,-1.8464962751503364,0.71778248131626787,-1.3332915028752206,0.55363408820210724,1.7881264211450214
878,-0.17340438154548946,-0.59593045172863091,0.87247460736399207,-2.6079427697874085,1.3078724557975081,0.023053993300988833,0.86485967552150789,0.90198148148112245,-0.73744673739128108,-2.2773314319520788
879,0.40748383383781811,-0.69468702233342849,-2.3058633102894013,-0.10754670213723476,0.10588872820026214,1.1373048996909565,-1.5509079352637136,-0.63107834739501789,0.54473894867842299,-0.64537175383264744
880,-1.9738364628152525,1.5030447469377572,1.0030547677486332,-1.0150181410044097,1.1612535391525272,-2.3053324724493458,0.1261883973078764,-0.66157472776365056,0.64840301255309696,0.30382985107678334
881,0.8844815801733098,0.12538978706820136,1.4894313474683507,1.1984528500564617,-0.51827718198981165,1.1384917416647842,0.80531763945715795,-2.2720481861558945,-1.4397105532888277,0.49771666388295432
882,-0.30121216480187141,0.35804937494480193,-0.87789042932066585,0.54060483583892827,0.93326994446050326,-0.19889813690578548,-0.46426842288677639,0.2705265441244773,-2.0274831870114847,0.98497820777067835
883,1.1169265880467611,-0.91926955264461607,0.41304625847983328,1.64586787095062,-0.96792798040274719,0.8233944736344404,0.73559880305576031,0.75336296561627802,0.36785524737245873,0.19189516530754325
884,0.084872804295799589,-1.0250779734918714,1.0068066830061879,1.3569688391309831,-1.8227919532535146,-1.0470061570063092,-0.31728550925915822,-0.054334057868114481,1.2425123926843782,0.39728665050958079
885,-0.35580077508906865,1.8353350307320968,-1.3411892675030459,-1.0320549952898155,-0.12642516949602445,1.3529677916446883,0.28431490157473177,-0.65618477634258321,0.44553322582577259,1.7552244086355933
886,-0.59875517349717977,-0.38366120241745305,0.11689359539615655,-1.3694554705107231,0.19673053714811253,2.41994507539617,-2.4500017618045744,-0.75527166685317493,0.81012667076970635,-0.60586881641310231
887,-0.20791308242183396,0.47289269938874506,1.0234045469696593,-0.96465309733746596,0.39127182022285584,0.77992034437031843,-0.38173423410641599,1.1564201746065261,0.080203080016839165,-1.0632588413687165
888,-0.086723194254985342,1.148892660112826,-0.61138601217658428,-0.93593816320139778,0.50594725772433347,-1.1173698306599771,-0.52184967102356405,0.70029338892306858,-0.81059148258949809,0.46576315249133726
889,-1.5176798315372226,0.66970503626237143,-0.42238944520854083,-0.11576226895258308,0.20908156103320624,-0.23964238961398582,0.35383531142121799,0.4092646769455543,-0.88301809530209419,1.6625179184418879
890,-2.5303443119062257,-0.55004581944860553,-0.47998329153491387,-0.43326969376046542,-0.80124904590684809,0.1351631915527863,-0.14432811806878409,0.0061208206633665977,0.50041906548533888,0.81899744774294148
891,0.051444233287671122,1.0852683603198041,0.64501288026444792,-0.028825154985130951,-0.50532185682192632,0.9804368123220214,-0.48847902743543375,1.2278866560024149,-0.73883939700314483,-0.064706187388922809
892,1.1688859688062534,2.0923309181412839,0.14284052490848351,-0.31149946085039681,1.0805459157210764,-0.52633861018024841,0.42940136794582096,-0.32162407403180476,1.019684316596053,0.63614941236119649
893,1.1791937037976994,-0.84222643568579636,0.44798881818244118,-0.099103968480461851,0.93206710126637504,0.20004253644021983,-0.061651753701150926,0.34251092881780532,-1.1916655197311243,1.6236877528613562
894,-0.80516372732549357,0.00022581676838658667,-0.92301781090424551,0.2822770574215388,-1.6213386110812522,-0.29244337702397744,0.013876028622146609,0.27639073195467012,1.0379657882310311,-1.6065069627478705
895,-0.10586391264641454,-1.2212708129492453,-0.84902321334624842,-0.81620345209276635,0.51720945001135277,-0.25846786062321114,0.7600834968801653,-0.067501145861888809,0.11675601622721807,0.53395457482836017
896,-0.34965861377329094,0.33402539508363888,-0.3098087049360867,0.77746892911285526,-0.35254655133504448,-0.93909092939546146,-0.47384239635157377,0.23457186648324468,0.06692002606010175,-0.048174601861628551
897,-0.83340384037840576,0.10872590954859485,0.60162215481979009,-0.15936471176761038,0.27070688477029919,-0.45487021744032935,-0.79013573681331517,-2.4772704273362405,-0.51485691790217492,0.25666074454205717
898,-0.65424564434994026,-0.17952830976415424,-0.60261296997955149,-0.059333485668747875,0.23147114291575185,-2.6170717082410113,-1.7570991011343913,-0.048080709092069296,0.048550127857065611,-0.29204471701461859
899,-1.5854218772219451,-2.2399102209878912,-0.37014148055490664,-0.50886088868423685,-0.31749579147053064,-0.1308491046659972,0.60974225743555388,-0.7836073970471088,-0.85114955357380928,0.56763563953670293
900,0.039559886387953422,-1.0538921478738568,0.20421357773314924,-1.1338442986474646,-1.5808126066973038,0.70172175268016146,-1.072745335788601,0.21636351580871072,1.2701271574287094,-0.098168413008499655
901,0.55727154583552418,-2.1603398925483379,-0.467631217538094,0.31878994603624389,0.32550847051743204,1.2120487789025611,0.34659315627185872,0.15829599693622812,-0.12159216926153102,0.91552034915253333
902,-1.9857363877483225,0.60623921716582108,0.90696951348070975,2.4881874393665013,0.067750300018816254,-1.2680790442902588,1.6220015132221008,-0.016994925366433253,-1.7309333939080223,0.57363026006817308
903,0.61134616562486144,1.255467284579761,0.97919449531886693,1.819690567375233,-1.4256930573083846,0.59862588233858005,-0.97718634469281263,0.37978326837370935,-0.22397199288167141,-0.7334255557556153
904,0.66994481031915953,-0.79524272733483814,-2.2446580636118783,-0.87489914811081937,-0.5419662768662401,0.77846443576672375,0.14913999871754505,0.20681456338005982,-0.45594679408328248,-0.85321295383327533
905,1.6463301929502028,0.099662275974059411,-0.47481621425033205,-1.1205792317359724,0.11173831111077666,1.4876172298111228,0.5033992788843733,1.5723424449697669,-0.73460470568445879,1.4212272380800413
906,0.33525207855048655,0.58449869593475967,-0.41187109925231657,-1.254829212955106,0.75046951629357561,-1.0958320448574506,-0.01738554705803505,-1.6649951754028041,1.0653417234631057,0.15931649415189611
907,-0.068086132146455883,-1.0866413354870692,1.8001476901916609,-2.4592636898545077,1.2362220106737436,-0.3339182518677335,1.0187378013758908,-0.70661851014520094,-1.0804762098097593,0.19640460746710317
908,-0.87095876558998542,-1.2522648931172444,-0.27695129138340235,-1.3551316294455653,-0.072358116077476858,-0.10371746965891133,-0.58040720430107273,2.2981837346925329,1.3017500823104726,1.0012427388677561
909,0.2439311579058846,-0.99508284959008031,0.3326911316789497,-3.2651021187334046,0.85898168912787376,0.37222965037724598,0.60829800195856965,1.6225007754516689,-0.2268474541451708,-0.42638194933618367
910,0.023939567017949484,0.025855987360159548,1.8272031669270747,0.065149404149942733,0.52548056633368845,-1.0322914640040191,1.0208676453832133,1.3047899357476465,0.25272002137622096,1.393701772340102
911,-0.98138720010858216,1.6791495502864258,-0.61005798169027037,0.86814721567976949,0.21421629835461056,-1.1144035140104338,0.11919619028984886,0.26875836428978311,-1.2056212698266013,-1.1615905357294039
912,1.2113213187224929,1.1380205082674295,-0.59107374098388821,1.276964552449273,0.18114661285274541,-1.7354618361707375,-0.1283127547195296,0.31819906360731459,0.26846670228393321,-1.9888374282690042
913,-0.015051176437085135,1.0062439590522703,-0.26698315328927957,1.6050366589010472,-1.6083679398463508,-0.334711414190276,0.21550912431683053,-0.12043572862333575,0.37130623910156413,0.42559886387112988
914,-0.057182931817123681,-1.1991453162380785,-0.28365100963101003,0.6842848128529494,-0.760381861859033,0.3930780173549161,-0.59949286389713641,0.95751520899291809,-0.13444563660145176,-1.9526301806001836
915,1.4626927112377788,-0.50216387429946074,-0.14089596177505476,-0.38867818688701944,-0.50570884381224102,0.77382097593685639,-0.24100661917548971,1.0646990522266142,0.98010352165872461,0.43038498375367845
916,1.3858204394416427,-1.4247916897016046,1.7618633381199196,-0.041955448983230059,0.90330139379015195,1.0398396399920797,0.55394997200676743,-1.1552483763851853,-0.26288715044987426,0.42594513128026984
917,-0.30962037198859638,-2.2258900616719894,0.33761325477352844,-0.60329458444850803,0.48508974472979111,-1.1147562344029174,-0.50892838460410583,-0.59431821748320113,-0.22018640187999303,0.71637780677905594
918,0.71499201919330513,0.84425084651971272,2.2374873751097573,0.76118519331560297,-1.2047768468469082,-0.9726576084148143,1.0516208606586994,-0.72568219592466043,0.9610619625917991,1.9748594441972844
919,0.98860766721227999,-1.6462664636977942,0.049452946843983082,1.0236940025896766,0.19950494151260814,0.62323738067361423,-0.28790937157922775,0.70707367889262485,1.2888368265476453,-0.50976963561148014
920,-0.26180764492486147,0.046900802618120033,0.79109119260403005,-0.36256771097276158,-0.45035530918061673,-0.8157718726543377,0.77912405193385414,0.50921661227497195,-0.66953521953954742,0.027101087246669733
921,0.80701007597697216,0.36347883425529659,-0.35679750694539691,1.7845562636632224,1.2080873020454794,0.92752461165961431,0.27034437995361066,0.54047196129897435,-0.2877459015898059,1.079477844457895
922,1.1012242712430611,-0.13026188994727178,-1.4731493557561401,-0.1518335195211544,0.18926117705906309,-0.20133295272673096,1.36140410390494,0.87951517708802496,0.9015846084885949,-0.46492620174360283
923,-0.85347468497045753,0.6117123373887251,0.8686170868633124,1.5658427714301666,-1.7210378655655358,2.2281708958198325,-0.19717608485394439,-1.109454518048167,-0.58354784167241491,-0.61829102148447723
924,3.4231352031399691,0.86318881903038769,-0.84443051080546727,0.36582697506998474,-1.1634662421544406,0.9983842171233086,0.83625093471544021,0.33169975392205731,-1.2019173317639591,-1.0255919943522038
925,1.6695501799044978,-0.22813332510811918,-0.9073278814507052,0.44347205114318472,-0.43545712974511031,0.61565592996735519,-0.65460528964883036,-0.18525063437250558,2.2192265081012268,0.21363218058740155
926,0.69899088689407984,0.36301643963017904,1.0411989814484957,0.77662030105889479,0.10451804476984888,-1.1426484584482559,1.8147506424216224,-0.31940193660854127,0.89946873998348209,0.48769131149349126
927,0.038632023750131486,0.083767746536619378,-2.4385623740523954,0.43208434235950449,0.56114300288836128,-0.17955985334985414,0.06739659518258409,0.086535848388649889,-1.7220080389202188,0.30256308678780891
928,-0.10262784795873557,-1.0060761075219629,0.53475903045160322,-0.36410020869075393,-0.072234238417011196,-0.93870620433386343,-1.1201779216160093,-0.10736477868874714,0.81305698679309768,2.2288405367405866
929,1.0177298642982413,0.49266400395382703,-0.084246761246066157,-0.12256960254839423,0.60928653601309601,0.59848237661440151,-1.0123345378010644,1.5202407190274208,-1.5916595222783707,-0.1376613201303418
930,-1.1987023184742935,1.5051763062016441,-0.83937850805914249,0.70196609590491588,0.50069140331904349,0.6857986773179221,0.71538180602399182,0.85126681414446326,-2.3658650102191952,0.024487651327665914
931,1.7411681120463938,-0.76927049632205668,-0.2290446289886888,0.25839265261926914,0.20214725987296003,-0.29043205513029224,1.0936360007678403,0.035633573001095327,0.90218018711583559,-0.56460097083792804
932,-0.61885780998189843,-0.49462777128417262,0.38143000381776015,-1.5582874798825701,1.7596471804569791,0.86042278556099905,0.5278600625276253,-0.95825527385473586,-0.51362344152593387,2.1329702150585828
933,-0.22058588750955521,0.50092227400420253,0.19828077966469146,-0.82553592408488352,0.9636285749231962,1.566205999802333,0.3821514991481576,-1.7790012862131468,1.8341446143127118,-0.47419425687581779
934,-0.80375096013223868,1.2374434789809232,0.84170660345261739,0.49091158308326965,0.35532920553322705,0.89912416572325304,-0.25252149156775106,1.5340470947475979,-1.2109810166261505,-1.444652583203718
935,0.32767137824222814,-0.39692850055790857,-0.92035956013531017,-0.13721369870691988,1.4366435630877301,-1.3314211589965113,0.095260072914428243,-0.34468457715244144,-0.16606243723374767,-0.65685766950295532
936,3.1990668858369036,0.59651349095686801,-0.58116780083190189,1.5335684348469947,2.9347353032538264,-0.67800411267825922,0.32133969179623262,0.09948628236320492,1.494055429849493,-0.61633487355577365
937,-0.087796919196741305,-1.7017702089222604,1.8588784665429321,0.53611730785531098,-0.61207455134026301,-1.7393127052248416,1.2619472181216163,1.2669280699332472,0.97517013469726566,1.1400316271694222
938,-0.013746723702192841,-0.85391876909297637,-1.7055481742650047,0.201407088706998,1.0607175120779471,-1.0213565415194721,-0.055242027908829379,0.61467297826262024,1.0645969509661042,-2.098258284656346
939,0.83280384258897633,0.50946020557022276,1.0495849526907759,-0.6216661613463218,-0.33920865239119757,-0.94307928427552679,1.7888972126294775,1.0703353073637327,0.096461444632036375,1.3728862531120214
940,-0.25690266070987755,-0.20016978471441146,-0.30608940351467129,-1.8480066263360246,1.2461858546061459,0.30628343135408204,0.59554742053443166,-0.74673199240381627,1.2318659845381084,2.103778830520548
941,0.15612956162337346,-0.51134048334182503,1.4012798074746133,-2.7732845336345111,-0.36467817127148727,-1.8741003176715612,1.1831052739744303,1.2206964338077908,2.2779774847009113,-0.35343063723852663
942,1.0439112170976135,0.12310741500866203,-0.58217693409344318,-0.44788435589795389,1.1322130176946954,0.10062918027910754,0.80158185033857887,0.54920193975079701,0.27708283234960296,0.51139675867118861
943,-0.20480651442266018,0.24561747125429712,-0.40039503426146578,-0.51632241583889338,-2.4502282618102966,1.2805372011178513,-0.050396716160521125,1.2950178455887817,0.60983191004501047,-1.9594304042112081
944,2.8341634497735892,-0.38691841775286429,-0.21635484301084787,0.27391267661779772,0.25092086219479715,-2.6143376739067143,1.3216970807747668,0.10515332804807886,1.2649781446640127,0.28520197040712264
945,-0.27870126223767039,1.294763164128502,0.25377799580595245,0.21933527561810612,0.08812837148512738,-0.086782160037670267,-0.58398438789974361,-0.36681615036696197,2.0973592960029421,0.86630077083874157
946,0.20672621553269893,0.10817161333941659,0.19334357281624137,-0.49712803022356017,-0.28741546053477285,-0.6186157045034345,-0.52890428232044373,-0.6589672433321333,-1.1307922241698831,-3.0162795683822914
947,-0.79638011682940402,-1.2427278979050049,-1.3693162561922128,-2.3036513245722485,1.962323545628998,-0.35328269361178077,-1.3427409166094395,-0.54000586599303635,1.1568751430793216,-0.19174009563187752
948,0.30641488694628333,-1.0718285643622645,-0.46603132675472947,0.82165829571476212,0.51130999659718468,0.82544224498217011,-1.343562761848113,-0.69819930996666379,-0.24912681049174765,0.6458397107931948
949,-1.7596558795211967,0.12445602706342816,2.8150496559742568,0.95179851505617263,-0.84116433018202008,0.58409382207469474,1.1956501838304736,-0.60715125316653862,-0.99086357865677777,0.05932695849364502
950,0.44571507640621488,0.85593941457087364,-0.10290348912346999,0.68015452543168697,-1.2139069370131039,-0.086160436346758101,-0.82751754886476336,-1.2014387949915508,-1.0170590038805687,-1.4397901829630955
951,-0.29230729756363383,1.8273993120608383,-0.93791334573196816,0.32286996046585087,0.60965791012080617,0.31400075887511847,-1.6956903751136669,-1.1886411030030413,-1.1507659850404299,1.1323462596047555
952,0.86712912815426757,-0.15482090990446326,-0.88042257233743204,0.33294894367284233,0.13237837454605406,0.36122963865551572,0.067056606471071506,1.562837869829492,-0.34872759588529068,-0.78094205278230977
953,-1.0002765587333822,0.70012654222135007,-0.53084976342698043,-0.40930421977095149,0.51303701059366091,-2.4521962532608095,-0.065186509728292916,-0.33192277866079578,-0.92352184654606817,-0.74389031293959218
954,-0.74434501301268308,0.39018442137408527,1.245585005838602,-0.70591144465710809,-0.56348047213310004,-0.26068496877008046,0.46215618110035211,0.18115985468795417,0.79136314381135153,1.2462348080807764
955,-1.2817146955272072,0.70171766525460144,0.50731838120990891,0.40791738616740086,1.6760762944281968,0.41807344693425924,0.35131990256791479,-0.61043149570217958,0.52724644806262444,-0.44265391491080402
956,0.11780313922304413,1.665320726370078,-0.1060836374880548,-1.4974764793986115,-1.192552019048077,-0.41357632963487434,0.84572296735882369,0.79605209150823331,1.5240944475972056,-0.7337107059464274
957,1.0705741972724547,-1.2956096016410064,-1.1113011826801176,-0.61594393818343229,-0.41774564219220983,-1.5140916385213474,0.012968031137143676,0.2267424814165257,1.7949831023034815,-0.68920022350289945
958,-2.0389259141993432,-0.1413084349604585,0.52929544402080786,-1.6319314301252743,0.42610269539021223,0.4004227865212665,-1.2276476586190577,0.79475271111726498,0.058697292218548185,0.6982578725561509
959,-0.10053613102710324,-0.97222803800998925,-0.47572358139356552,-0.16575387745934128,-1.0164424257864033,-0.75255150179841768,-1.1322006460336269,0.30607533614243321,-1.7282334525653751,-0.30408028792980701
960,-1.2684132672590098,-1.3489910897525481,-0.51374931610555541,0.37666214072192383,-0.70816854635699322,0.89865511169657297,-0.64898226451204177,0.5377260092456454,0.46953950966195118,0.62020341695127679
961,-0.099832624078786486,1.453302638796288,1.865439221291316,-0.9351092145188189,-1.0154501711487234,-0.3133037040114629,-0.66837602227361326,1.0743722814104453,0.86586284894312271,0.26833663203958974
962,-0.56753769138805654,1.6226817893168968,1.0954981916519284,1.0486828255800726,0.79863307789249527,-0.62191263014888165,0.63964209001865768,-0.73165798433585316,-0.21070362320705122,1.8494783281557521
963,0.12632316743968847,-0.27764041016673924,-0.14053370712189836,0.20740856967760846,1.3254330657433286,2.0447857161839891,-2.8506553503582452,-0.011377758924548181,0.75257933521485754,0.60024256269913889
964,-0.33251116115427309,-0.25961538519164962,-0.48260520071978685,-0.1921153314359525,0.24975028217661638,0.52913740960601297,-0.080335000141541366,-0.19496791879621822,-1.0057000373053866,-0.20062398106231885
965,-1.1410870851464512,-1.2094080081193106,0.52627961822490921,0.019591373987925275,1.2285985237124291,-0.78475632825383623,2.5168510883914927,-1.46608750731015,0.28918759575234432,-0.19301594551924198
966,-0.056504707668234573,0.13672216258323996,-0.55766357157998614,-1.195215104861572,-0.25002673488787663,0.92306118511342439,0.78852568737619055,0.037456800926432665,0.41574866987705261,0.62992538835947887
967,0.48918367523224754,2.4509252257982035,-1.6104871318488396,-0.71431466743433458,1.0753748891338508,0.032978664497055325,0.45610372854533471,0.4923523354806964,-0.37634327532950368,-0.63825996227715764
968,-0.12854359483863095,0.059262192392107609,1.4680796928988882,0.99427753337900848,0.33235224399730717,-1.4432433885364331,-3.0298289763271646,1.040626924288419,0.80247632692636295,0.059762714681075059
969,1.0448265900178071,-0.36633824252675024,0.2909911454624331,-0.77578859071502682,-0.95913338180742924,-0.50098128915246276,-1.2091867679317019,0.20174477524372117,-0.23145584309787665,-1.2915513077034744
970,1.8523892211762922,0.95603632964708285,2.6658334874943348,1.4852055453921464,-0.49793938977534991,2.1168421510752182,0.098048562175283599,-0.11401173134804042,-0.90322162530495298,-0.69147301433051767
971,0.63588453553141033,0.51775983786422264,-0.39233042650918487,-0.46070191064115001,0.61281513884369909,-1.8867983272077939,1.1647598673697372,-0.47141234693979411,-0.73953075295388881,-0.2626723688765597
972,-0.4528706808984303,1.4853238132720561,1.1479739471952017,-0.78795549512092966,0.74086176844845919,-0.17026417595420903,-0.76173407156284834,-1.1871948474866789,-0.51821753491416434,-0.45988066401147221
973,-0.74684100711144608,-1.6590272276592748,0.72067420516489378,0.064447866893565492,-0.8599443023030886,0.48979304123640216,-0.55640535533113133,-0.47456640025345337,2.8350903544919102,0.82844457702688834
974,-0.98731692956742245,-1.9723717554658826,1.429742966519056,0.9408145813070723,0.52151333928956367,-1.668798290893537,0.86416499626340559,-1.801702633684616,-0.22602072265477788,0.63393144774063548
975,0.97853173708349062,1.3945609976482609,0.3286700686001971,0.67245838868110952,0.21146850992248001,0.078491989552173222,-1.3006222808329135,1.0507847382188338,-0.51600445610580803,1.2379467668883259
976,-0.39459361117680958,0.71668531544212155,-0.1129397823199734,-1.230711561128321,-1.0005709572689616,-0.24287071089939957,-0.14193109868324422,-0.20113191017371587,0.70328321062154142,2.2782873070168965
977,0.258027816105934,0.36382696787567226,1.3643686492692098,-1.0625199003229995,-0.61608407657767039,-0.70212261829132272,0.55883667928234093,1.9956556339690183,-0.23979991520829397,-0.93935758434475447
978,1.5540253102406003,0.53664916693574227,0.20938087842408593,0.18320847998325576,-0.96092199383450561,0.54754913398221328,-0.08414453882630514,1.7316658167143719,-0.47442956863561508,-0.31738660169092509
979,0.34660340251283217,1.3060701006692574,-0.28494260712677261,-0.44497924319931342,0.53261487498469651,-0.90789837740630652,0.30534994290060308,0.82668547017795402,0.11444294800125794,0.43856976298814776
980,-0.6232551161521398,0.90788738495643884,-0.5235163732981083,0.84267966565773533,-0.96939131749311103,-0.50116189051167681,1.324898682598965,1.2032057831242826,0.208870212390006,-1.6307108775827006
981,1.0492414656952764,0.42857624087199647,-0.62395987230942163,0.8592140209522463,-0.38272765116395496,0.45286125726482579,-0.40670133081444115,-0.53333928867529456,-0.76551953097656544,-0.36795318619452388
982,0.21410284363166396,0.92805153764874115,-0.99280301322847031,-1.0688305199995467,-0.52841598127866685,0.15250413192052747,-2.0084699181653787,-0.95565557781249566,-0.053221078318847731,-0.0037466469788576292
983,-0.24831144288063914,0.060002878897828606,0.30078733112005318,0.085738641048592523,-0.70119792959336569,-0.75768091350358235,0.67526817158152386,-0.99315356492315232,0.62917336749657848,-0.59679183626655175
984,0.00095289440960772233,-1.2788883838002001,0.38149313305011689,-0.5866404798871887,2.0750815825319155,-0.71166662522871604,-0.83596861664029709,1.063836066298242,0.67828681467665997,-2.3101953076574135
985,-0.30787136561512773,-1.310076090545792,0.52868487625021121,-0.68355234451196123,0.33425684045533594,1.1927647439169913,-1.3042893456118032,0.24846485301309859,0.64488023770199887,1.6337726116011231
986,-1.1427987709736072,-0.75978207900047878,1.3952701344961622,-0.32419321134158163,-0.21225423003680938,-0.34795983059701319,-1.9264575170483669,-0.71176676111754766,0.3106154140909293,-3.0988229165731158
987,-1.4268203622279358,-0.069505803784867204,-1.0995062136706639,0.037914330545507073,-0.74112523646029504,1.1032918628698962,1.1904655809249469,-1.7144827636875164,-1.3623963502132492,0.32439388782038886
988,0.15849523922113576,0.53764130636455376,-1.3825944018157603,-2.1092118926254582,1.0611568239422988,-2.1241540640725405,0.027293366403623485,-1.4234986070930908,0.44185301255476944,-0.58367442819505455
989,-1.959352978313706,-0.8125314044017673,1.1293254722762245,0.6340058110608604,-0.24762432263198789,-0.43307378971324967,-0.13832180192615909,0.57182083444625742,0.38892499362400956,-0.082416312228864905
990,-0.22812572076113691,-1.0753522102490252,0.49627325072206108,0.86698968138186361,-0.79024536764091824,-0.43405408266320555,0.074528145032801696,-1.144021854459438,-0.64906859863305266,0.3896188384128384
991,-0.1532996862139181,-0.022903093932004459,1.2147180003189855,-1.4584018475767477,-0.99450783289184164,-0.76274713910554914,-0.55939853608807333,-1.3645257051711879,0.59795230105501818,0.95602681952359903
992,-0.31139612073892031,0.096520604003689836,0.45428786140569727,-2.8113264344786604,-0.732363034368402,0.67569446622323559,-0.92375750555897884,-1.0645487697733389,-0.32940605865301992,-0.66271675481356018
993,0.25242961647771794,2.3672530318737062,0.68775234036520561,-0.75359248517215827,-0.31555612790297272,0.89929164510647275,0.15359916567052123,0.52780531968130229,-2.029693915711944,-0.58121724666696639
994,0.73184507054702175,-0.34427406419874462,-0.80752313506832074,0.041730799606993808,2.4906863419747087,-1.4839024989177894,-0.16777076265885804,1.1195766786213444,0.79665800753089155,0.75721181816286953
995,0.00084771699269107245,-1.1289297654381611,0.56268865036662807,0.78722261950750194,-0.84298951207375061,-0.52456747019802252,0.83480199889975504,0.006465121053266608,1.2525503028065044,-1.6091040618053534
996,-0.66543457874147605,-0.20137381577047386,-0.95384854717083434,-1.2114958986138076,-0.5134431128164556,-0.45740731591527634,-0.47176703732060604,-0.28421242664093149,-1.0292181619176799,-0.43341440049653113
997,-0.5595750997789164,0.17119558072466209,0.35519654539575862,0.0019851523792834922,0.11865827465878415,0.30723980958731006,-0.76897682151111724,-0.43426435955396775,-1.1579038607378462,-0.044653477693240406
998,-0.86621461652742049,1.2324479747241934,1.9769658100380156,-1.2092712093193816,0.087109951623832296,-3.1533636225141022,-1.234230935384969,1.2231203634367476,-0.35724711919754576,0.33279131609601431
999,2.2345145387186895,0.53522794607530499,-0.87014077725358008,-0.47121609705774514,0.66416830392590542,0.21120296222210133,0.67609901175395204,0.11780402924702663,-1.5703764151669954,-0.45822664033541133
1000,0.39926352530433007,-0.3266436043433481,2.2687587493143018,0.53678219820026163,1.4318339836707119,-1.6368895754388841,0.67420773626814368,-1.0191728642915243,0.61928380122480364,0.3225480060166761
